cliente_id;data_registro;idade;genero;localizacao;plano;metodo_pagamento;qtd_meses_assinatura;logins_mensais;horas_uso_mensais;tickets_suporte_mensais;feedback_positivo_mensal;feedback_negativo_mensal
1;2024-07-08;63;F;Costela;Premium;Boleto;27;43;198;9;2;4
2;2022-11-13;28;F;Cirino;Básico;PayPal;6;3;180;1;5;4
3;2021-09-19;27;M;Fernandes;Premium;Cartão de Crédito;30;36;2;0;6;0
4;2021-11-15;47;M;Gonçalves de da Rosa;Standard;Boleto;28;30;169;0;10;4
5;2022-04-08;50;F;Aparecida de Goiás;Básico;Boleto;35;2;4;6;7;1
6;2024-07-03;68;M;Gomes;Standard;Cartão de Crédito;16;17;78;8;4;2
7;2024-01-20;43;F;Montenegro da Mata;Básico;Boleto;32;7;26;3;5;0
8;2022-04-10;26;F;Mendonça;Básico;PayPal;12;18;42;7;3;1
9;2023-11-15;27;F;Pinto das Flores;Premium;PayPal;31;15;156;6;7;5
10;2021-10-08;22;F;da Mata de Freitas;Standard;Cartão de Crédito;19;3;114;3;1;0
11;2022-11-27;38;F;das Neves do Amparo;Básico;PayPal;10;8;78;10;7;3
12;2023-08-18;48;F;Monteiro;Premium;PayPal;4;50;47;8;4;0
13;2023-01-03;26;F;Pinto da Praia;Standard;PayPal;6;4;199;9;9;2
14;2021-08-23;48;M;Carvalho;Standard;Boleto;20;34;104;6;8;1
15;2022-03-16;20;F;Andrade;Básico;PayPal;5;48;97;8;8;1
16;2024-04-30;21;F;Sá;Premium;PayPal;7;0;81;5;5;1
17;2023-07-20;29;F;Alves;Premium;Boleto;12;35;97;0;6;5
18;2022-05-07;67;M;Moura;Premium;Cartão de Crédito;1;31;50;2;10;0
19;2024-01-09;45;F;Alves;Standard;PayPal;16;20;140;10;10;3
20;2023-08-25;56;M;Azevedo;Standard;Cartão de Crédito;26;11;41;1;3;4
21;2023-09-27;64;M;Araújo de da Costa;Básico;PayPal;16;47;37;0;9;1
22;2022-09-18;28;F;Teixeira;Standard;Cartão de Crédito;35;17;120;1;6;3
23;2023-07-09;66;F;Ramos do Oeste;Premium;Cartão de Crédito;16;4;107;2;10;1
24;2021-08-23;28;M;Pacheco;Básico;Cartão de Crédito;30;36;200;5;9;4
25;2022-12-18;52;M;Peixoto;Premium;PayPal;14;17;196;4;5;1
26;2024-03-04;22;F;Souza;Premium;Boleto;16;37;91;0;1;4
27;2023-12-10;40;M;Nascimento;Standard;Cartão de Crédito;2;38;151;3;10;2
28;2024-05-17;34;M;Sales Grande;Standard;Boleto;7;36;16;2;5;3
29;2024-01-24;44;M;Lima;Standard;Cartão de Crédito;33;38;196;6;3;5
30;2024-06-21;21;F;Sousa do Campo;Standard;Cartão de Crédito;33;48;11;6;2;2
31;2022-12-14;58;M;Teixeira Paulista;Premium;Cartão de Crédito;26;7;129;10;1;1
32;2023-06-09;31;F;Pires Paulista;Básico;Boleto;33;36;161;10;10;3
33;2024-01-31;33;M;Nunes de Minas;Básico;Boleto;8;20;20;7;2;1
34;2022-11-22;49;F;Cirino de Cavalcanti;Standard;Boleto;29;28;27;2;10;0
35;2022-11-15;65;F;Brito de Pereira;Básico;PayPal;11;37;197;3;2;4
36;2022-02-13;36;F;Guerra de Almeida;Básico;Cartão de Crédito;29;23;139;4;4;1
37;2022-01-09;25;M;Mendonça;Standard;PayPal;32;3;169;0;0;3
38;2023-11-17;43;M;Dias do Amparo;Premium;Boleto;2;30;33;4;9;5
39;2021-11-09;27;F;Araújo de Ramos;Premium;Cartão de Crédito;29;9;130;6;5;5
40;2022-04-18;26;F;Rodrigues do Galho;Básico;Boleto;36;2;120;0;8;4
41;2021-09-16;50;F;Aparecida de Santos;Premium;Boleto;18;32;90;4;8;1
42;2023-07-14;28;F;Nogueira da Prata;Standard;Boleto;1;33;181;8;7;4
43;2023-06-22;50;F;Silveira;Premium;Cartão de Crédito;34;19;172;2;4;2
44;2022-06-14;24;F;Rios do Sul;Standard;PayPal;27;27;11;10;10;1
45;2022-08-10;60;M;Nascimento do Norte;Standard;Cartão de Crédito;15;43;70;5;8;4
46;2021-10-15;59;M;Rodrigues de Nogueira;Premium;Cartão de Crédito;4;42;116;3;5;0
47;2022-03-07;52;M;Sá de Viana;Premium;PayPal;11;27;199;8;9;1
48;2024-06-07;24;F;Barbosa da Prata;Standard;PayPal;33;39;157;3;10;5
49;2022-07-25;43;F;Pimenta;Standard;Cartão de Crédito;20;1;53;8;7;0
50;2022-09-12;27;M;Moraes;Standard;PayPal;2;25;199;1;9;3
51;2021-09-07;25;F;Castro do Amparo;Premium;PayPal;33;28;153;5;4;0
52;2021-10-01;65;F;Porto;Standard;Cartão de Crédito;3;33;107;4;3;2
53;2023-08-13;43;F;Cirino do Sul;Básico;Cartão de Crédito;35;31;6;5;6;4
54;2022-03-05;45;M;Azevedo do Norte;Básico;Cartão de Crédito;27;2;49;0;5;2
55;2022-09-29;43;M;Carvalho;Básico;PayPal;1;32;23;5;4;4
56;2023-11-30;48;F;Viana;Básico;PayPal;2;5;160;7;4;3
57;2022-10-22;24;F;Fogaça;Standard;PayPal;34;6;163;3;9;5
58;2023-12-28;26;M;Souza da Mata;Básico;Cartão de Crédito;16;33;138;5;3;5
59;2023-07-10;37;M;Abreu;Básico;Boleto;22;41;132;2;2;2
60;2022-11-22;56;M;Ribeiro;Premium;PayPal;14;42;196;10;9;1
61;2022-02-15;70;F;Sales das Flores;Standard;Cartão de Crédito;25;9;110;9;0;2
62;2021-08-04;41;M;Sampaio;Standard;Cartão de Crédito;4;13;2;5;0;2
63;2023-10-31;26;M;da Rocha de Sousa;Básico;Boleto;20;0;174;4;5;4
64;2023-05-16;27;F;Rocha de Aragão;Standard;Boleto;2;39;10;10;8;5
65;2021-10-19;41;F;Novais de Machado;Básico;PayPal;27;15;171;9;8;4
66;2022-09-19;68;M;Siqueira do Norte;Básico;PayPal;4;24;183;3;2;3
67;2021-11-27;65;F;da Conceição das Flores;Standard;PayPal;26;24;141;3;10;1
68;2022-04-08;19;F;da Cunha;Standard;PayPal;21;37;115;0;9;5
69;2023-07-10;37;F;Borges;Premium;PayPal;7;5;116;5;10;5
70;2024-01-31;60;M;da Rosa;Básico;PayPal;17;5;86;8;6;0
71;2022-06-26;48;M;Rios das Flores;Básico;Cartão de Crédito;17;38;34;8;0;4
72;2022-12-12;53;F;Machado do Amparo;Premium;Cartão de Crédito;27;23;195;0;8;0
73;2023-05-27;68;M;da Rosa;Standard;Boleto;19;6;29;4;0;3
74;2022-11-12;35;F;Rocha;Standard;Boleto;22;41;21;4;4;0
75;2022-06-08;51;F;da Rocha;Standard;PayPal;16;28;105;8;8;2
76;2021-08-01;42;F;da Paz de Minas;Premium;Boleto;17;4;135;1;2;4
77;2021-11-27;35;F;Cunha do Norte;Standard;Cartão de Crédito;3;38;98;4;10;5
78;2021-11-24;55;M;Andrade;Standard;PayPal;30;26;196;3;7;5
79;2024-03-20;54;M;Barros;Básico;PayPal;7;27;156;9;9;5
80;2023-01-16;22;F;da Rosa Grande;Básico;Cartão de Crédito;23;6;165;7;10;4
81;2021-08-17;63;F;Melo;Premium;Boleto;34;47;116;4;0;2
82;2022-01-20;50;F;Guerra de Guerra;Premium;Cartão de Crédito;23;5;117;4;7;2
83;2023-02-14;61;F;da Cruz Verde;Standard;Cartão de Crédito;7;15;92;7;10;0
84;2024-05-11;42;F;Santos Verde;Básico;Cartão de Crédito;28;22;102;9;3;4
85;2022-09-26;28;F;Garcia das Flores;Standard;Boleto;14;18;87;10;10;4
86;2023-01-15;57;M;Silveira;Standard;Cartão de Crédito;28;49;81;7;9;5
87;2023-01-20;61;M;Caldeira das Flores;Standard;PayPal;20;26;96;10;1;2
88;2024-03-21;30;M;Cirino Alegre;Standard;PayPal;19;41;156;8;4;3
89;2022-12-16;40;F;Gonçalves das Flores;Básico;PayPal;29;38;181;0;6;1
90;2021-10-11;52;F;Garcia;Premium;PayPal;7;7;167;0;3;1
91;2023-04-29;60;F;Pimenta;Básico;Cartão de Crédito;30;1;32;0;10;1
92;2021-08-07;42;F;Siqueira;Standard;PayPal;14;6;81;9;10;5
93;2022-05-31;47;M;Novais;Básico;PayPal;17;47;140;1;10;4
94;2022-12-06;46;F;Rios do Galho;Básico;Cartão de Crédito;36;44;39;2;6;1
95;2024-01-21;29;M;Ramos;Básico;PayPal;11;47;141;6;2;5
96;2024-04-14;54;M;Freitas de Minas;Standard;Cartão de Crédito;4;3;179;8;2;5
97;2022-01-15;37;M;Moura;Standard;Boleto;23;41;55;10;6;4
98;2022-10-05;68;M;da Mota;Básico;PayPal;18;26;21;8;6;1
99;2022-11-11;25;F;da Paz;Básico;Cartão de Crédito;22;26;113;7;2;2
100;2023-08-13;48;M;Souza das Pedras;Premium;Boleto;27;33;127;7;8;0
101;2021-10-14;67;F;Ferreira;Básico;Cartão de Crédito;9;38;91;8;7;5
102;2021-09-12;31;F;Vargas de Minas;Premium;Cartão de Crédito;11;37;8;10;1;0
103;2022-11-06;46;M;Novaes;Standard;Boleto;31;48;84;1;6;5
104;2024-06-22;43;M;Viana do Campo;Básico;Cartão de Crédito;18;35;130;6;3;2
105;2021-09-09;63;M;Sales;Standard;Cartão de Crédito;1;34;141;10;10;3
106;2022-06-16;25;M;Brito do Norte;Básico;Boleto;27;18;132;10;1;3
107;2022-02-23;67;M;Fogaça da Mata;Básico;Boleto;34;22;100;0;3;5
108;2023-03-12;69;F;Fonseca;Premium;PayPal;20;10;54;1;3;0
109;2022-12-26;27;M;Fernandes do Campo;Premium;Cartão de Crédito;15;17;62;2;1;4
110;2022-05-07;25;F;Caldeira;Básico;Cartão de Crédito;10;11;113;3;4;4
111;2023-04-15;59;M;Sá;Premium;Cartão de Crédito;30;5;4;3;2;4
112;2021-12-30;19;M;Novais;Básico;Boleto;29;7;87;5;2;2
113;2021-10-30;33;M;Costela Verde;Premium;Boleto;1;11;171;5;2;4
114;2024-03-04;59;F;Aragão;Básico;Cartão de Crédito;9;43;15;6;6;5
115;2024-04-22;31;M;Albuquerque;Premium;Boleto;31;49;104;4;0;3
116;2021-11-04;50;F;da Paz de Goiás;Básico;Boleto;15;34;33;6;0;1
117;2021-10-11;54;F;Carvalho;Premium;Boleto;22;17;101;9;4;2
118;2024-04-08;25;F;Cassiano;Premium;Cartão de Crédito;17;47;138;4;10;1
119;2022-08-23;47;M;Jesus;Premium;Cartão de Crédito;19;0;82;2;4;4
120;2023-10-28;43;M;Fonseca do Norte;Premium;Boleto;22;29;160;9;0;1
121;2022-11-24;24;F;Sá de Pires;Básico;Cartão de Crédito;7;5;79;2;4;0
122;2023-01-05;61;F;Novaes das Pedras;Premium;Cartão de Crédito;25;33;142;6;1;4
123;2022-01-25;45;F;Moura;Premium;PayPal;27;47;63;7;8;1
124;2023-08-20;42;M;Rodrigues;Premium;Boleto;10;28;199;5;7;1
125;2022-06-07;64;M;Leão;Premium;Boleto;28;38;125;7;10;4
126;2023-09-25;50;M;da Mota;Premium;Cartão de Crédito;33;0;30;1;5;4
127;2021-08-20;55;F;Almeida da Serra;Premium;Boleto;7;18;150;8;5;3
128;2023-05-26;41;M;Aparecida;Premium;Cartão de Crédito;30;43;199;10;4;1
129;2021-10-19;60;F;Garcia das Pedras;Básico;PayPal;28;7;169;5;10;1
130;2024-05-26;50;F;Pires do Campo;Básico;Cartão de Crédito;10;50;12;2;2;2
131;2022-04-25;26;F;Azevedo da Serra;Standard;Cartão de Crédito;36;37;151;9;7;5
132;2023-12-17;18;F;Barros;Premium;PayPal;14;37;80;10;7;3
133;2024-02-14;55;F;Novaes;Premium;Boleto;10;50;84;4;4;4
134;2021-11-26;37;F;da Rosa;Premium;PayPal;33;47;125;0;1;1
135;2022-08-26;43;M;Costela da Serra;Standard;PayPal;20;25;123;9;0;2
136;2023-02-22;54;F;Araújo;Premium;Boleto;32;39;69;1;7;3
137;2023-10-30;32;M;Costela;Básico;PayPal;25;9;96;8;4;3
138;2022-09-21;32;F;Moraes de Marques;Básico;Cartão de Crédito;10;31;114;6;10;1
139;2024-01-07;30;M;Azevedo;Básico;Cartão de Crédito;5;20;86;1;6;2
140;2024-01-26;54;M;da Costa de Pires;Standard;PayPal;13;20;44;9;10;2
141;2021-11-28;69;F;da Conceição Grande;Básico;Boleto;21;3;127;1;1;4
142;2023-12-01;53;M;Oliveira;Básico;PayPal;29;4;88;3;3;0
143;2023-04-15;53;M;Melo;Premium;PayPal;12;6;38;3;9;4
144;2023-03-30;20;F;Porto;Standard;Boleto;26;1;28;4;1;0
145;2022-08-15;50;F;Cirino da Serra;Básico;Cartão de Crédito;16;9;156;2;9;3
146;2022-09-22;58;M;Leão da Prata;Premium;PayPal;2;30;106;0;9;2
147;2024-04-09;46;M;Pimenta de Goiás;Standard;PayPal;11;29;191;6;1;3
148;2024-06-20;31;M;Novaes dos Dourados;Premium;Cartão de Crédito;25;49;97;1;9;5
149;2023-04-19;60;M;Brito;Básico;Cartão de Crédito;3;33;83;5;3;0
150;2022-11-14;57;M;Dias do Galho;Básico;Cartão de Crédito;30;32;97;8;4;5
151;2023-05-12;46;F;Castro;Básico;PayPal;3;38;20;6;2;2
152;2023-08-19;42;F;Pimenta;Premium;PayPal;14;2;95;1;4;4
153;2022-07-02;45;M;Pacheco;Premium;PayPal;24;43;153;7;0;0
154;2022-06-07;53;F;Andrade;Básico;Boleto;4;12;157;4;10;5
155;2023-11-22;58;F;Pinto Paulista;Básico;Boleto;28;28;52;1;5;4
156;2021-11-26;29;F;Abreu;Standard;Cartão de Crédito;19;22;84;4;6;2
157;2024-03-22;38;F;Rocha;Standard;PayPal;25;21;71;0;0;1
158;2022-11-08;28;F;Moraes;Standard;Cartão de Crédito;23;43;166;1;10;3
159;2024-01-21;22;F;da Cunha;Premium;PayPal;25;16;33;2;3;3
160;2023-03-31;59;F;da Rosa do Amparo;Standard;PayPal;23;5;14;0;7;2
161;2021-11-06;29;F;Moraes do Campo;Básico;PayPal;19;39;194;6;8;3
162;2023-09-28;56;M;Gonçalves de da Luz;Standard;PayPal;9;50;67;6;7;4
163;2022-01-12;53;F;Freitas;Básico;Boleto;28;27;21;7;0;5
164;2021-10-10;56;M;Alves;Standard;Boleto;27;26;199;6;8;2
165;2023-10-30;21;M;Pimenta dos Dourados;Premium;Boleto;19;48;190;9;6;0
166;2022-01-21;52;M;Aragão de Minas;Básico;PayPal;27;26;157;7;5;3
167;2022-08-19;65;F;da Rosa;Básico;Cartão de Crédito;30;9;128;8;5;1
168;2022-09-25;66;F;Moreira;Premium;PayPal;14;6;57;7;2;0
169;2024-04-22;46;M;Peixoto;Standard;PayPal;18;46;179;9;3;1
170;2023-12-30;28;M;Siqueira de Minas;Standard;Boleto;3;20;192;1;7;4
171;2024-06-08;45;M;Gomes;Básico;PayPal;2;21;112;9;9;3
172;2023-09-06;21;F;Melo;Premium;Boleto;32;29;49;5;10;4
173;2023-01-22;41;F;Marques;Básico;PayPal;19;32;63;6;6;0
174;2024-07-03;41;F;Camargo da Mata;Standard;PayPal;2;34;20;3;8;0
175;2023-03-15;39;F;das Neves;Standard;Boleto;15;48;130;4;5;2
176;2023-05-03;22;F;Viana de Minas;Básico;PayPal;16;12;41;1;4;3
177;2021-12-15;54;M;Sousa;Básico;Boleto;36;47;121;6;7;1
178;2021-10-08;67;M;Fonseca das Pedras;Standard;PayPal;1;31;48;7;8;4
179;2024-07-09;61;F;Carvalho;Premium;PayPal;8;34;4;5;9;3
180;2023-02-13;32;M;Mendes de Goiás;Standard;PayPal;10;44;172;8;10;0
181;2022-09-25;31;M;da Cunha;Standard;PayPal;27;28;44;6;1;3
182;2023-05-29;22;F;Marques Verde;Básico;Boleto;30;28;73;2;8;4
183;2021-12-14;27;M;da Rosa;Standard;Boleto;20;48;170;3;7;2
184;2022-02-03;57;F;Teixeira;Premium;Boleto;16;0;83;2;7;4
185;2021-12-13;21;F;Fernandes do Norte;Básico;PayPal;9;10;104;4;8;5
186;2022-02-03;26;F;Gonçalves de da Costa;Básico;Boleto;23;19;187;5;8;1
187;2021-07-21;50;M;Siqueira dos Dourados;Básico;Cartão de Crédito;31;3;100;1;6;4
188;2022-03-19;31;M;Porto da Serra;Básico;Cartão de Crédito;29;28;10;10;7;2
189;2022-09-10;60;F;Ramos;Standard;PayPal;22;40;35;3;2;0
190;2022-07-01;52;M;Ribeiro de Goiás;Premium;PayPal;14;47;198;1;3;0
191;2023-02-09;54;F;Moura;Básico;PayPal;30;15;111;6;1;1
192;2023-10-30;56;F;Rocha;Premium;Boleto;14;6;4;1;9;4
193;2023-03-09;43;F;Vargas de Minas;Básico;Boleto;16;9;154;6;6;3
194;2023-12-28;34;M;Mendonça do Amparo;Básico;Boleto;30;9;9;10;3;2
195;2024-05-13;66;F;Sales das Pedras;Standard;Cartão de Crédito;20;8;87;1;8;5
196;2024-01-03;23;F;Ramos da Prata;Standard;PayPal;29;36;68;5;10;1
197;2023-05-05;66;M;da Paz;Standard;PayPal;21;0;194;8;8;3
198;2021-12-28;37;M;Mendes;Premium;Cartão de Crédito;2;30;121;4;4;4
199;2022-05-30;70;F;Moura;Standard;Cartão de Crédito;34;28;179;2;1;3
200;2022-09-03;53;F;Ribeiro de Casa Grande;Básico;PayPal;2;45;187;7;3;3
201;2022-12-03;33;F;Duarte;Standard;Cartão de Crédito;25;43;83;4;2;3
202;2021-07-22;69;F;Nogueira;Premium;PayPal;20;24;0;9;1;1
203;2023-05-17;34;F;Brito;Básico;PayPal;28;42;67;4;7;4
204;2023-07-08;39;M;da Conceição Alegre;Premium;PayPal;10;23;123;5;1;2
205;2024-04-28;41;F;Marques;Premium;PayPal;29;3;167;2;9;5
206;2021-10-14;50;F;Ramos;Premium;Cartão de Crédito;15;27;196;4;0;4
207;2022-02-12;49;M;Pimenta;Premium;Cartão de Crédito;23;29;161;0;9;3
208;2023-12-19;48;M;Vargas;Básico;Boleto;11;16;140;1;8;2
209;2022-02-20;30;F;Cirino;Básico;Boleto;25;38;155;5;7;2
210;2021-08-15;18;F;Andrade do Campo;Básico;PayPal;3;27;86;0;7;5
211;2022-12-15;40;F;Ramos;Premium;Cartão de Crédito;16;18;167;10;0;5
212;2022-08-16;19;F;Rocha da Mata;Premium;PayPal;4;4;103;3;1;0
213;2024-04-23;22;F;Pimenta;Básico;Boleto;30;35;132;2;8;4
214;2022-07-10;42;F;Rocha dos Dourados;Standard;Boleto;7;38;142;1;3;4
215;2022-08-12;36;F;Costela;Premium;PayPal;30;32;28;1;0;2
216;2024-05-09;35;M;Fernandes;Standard;Cartão de Crédito;3;18;45;0;7;1
217;2023-10-12;51;F;Fernandes Grande;Standard;PayPal;13;31;186;1;3;0
218;2023-12-19;28;M;Souza de Casa Grande;Básico;Cartão de Crédito;3;2;94;10;2;4
219;2023-08-29;38;M;Sá;Standard;PayPal;12;27;161;6;10;5
220;2024-05-03;62;F;Moreira do Oeste;Premium;Boleto;3;48;39;10;9;4
221;2022-01-12;35;F;Jesus;Básico;PayPal;29;22;108;4;7;1
222;2023-07-15;22;F;Gonçalves dos Dourados;Básico;Cartão de Crédito;29;34;8;9;2;3
223;2021-09-10;52;F;Fernandes do Amparo;Básico;PayPal;12;27;14;0;2;2
224;2022-11-15;49;M;Camargo;Premium;Boleto;23;34;138;8;6;4
225;2024-05-24;61;M;Lopes de Nogueira;Standard;Boleto;23;4;157;10;7;5
226;2023-08-09;39;M;Pereira de Aparecida;Básico;Boleto;9;18;151;0;5;5
227;2024-02-25;58;M;Vieira do Amparo;Standard;Boleto;28;49;180;3;4;1
228;2022-10-05;39;F;Nunes;Básico;Cartão de Crédito;26;41;120;1;1;0
229;2024-01-17;58;M;Melo;Básico;PayPal;18;25;85;9;9;4
230;2023-10-11;30;F;Rios;Premium;Boleto;34;25;124;6;9;2
231;2021-10-11;34;F;Pires de Macedo;Básico;PayPal;1;47;115;6;6;3
232;2024-03-07;52;M;Sousa;Básico;PayPal;28;48;170;9;10;0
233;2022-12-06;24;M;da Rocha de Minas;Básico;Cartão de Crédito;27;2;83;10;9;5
234;2022-02-02;21;M;da Rosa;Premium;Cartão de Crédito;15;34;28;2;10;5
235;2023-01-02;27;F;Pires;Standard;Boleto;1;49;90;4;1;1
236;2024-05-28;43;M;Correia Alegre;Standard;PayPal;14;25;125;4;10;1
237;2023-07-05;44;M;Cardoso;Standard;PayPal;32;50;175;7;5;5
238;2022-01-22;37;F;Fonseca dos Dourados;Básico;Boleto;10;13;68;3;3;0
239;2022-09-15;25;M;da Conceição;Premium;Boleto;34;44;153;10;5;3
240;2022-08-15;25;M;Abreu;Premium;Cartão de Crédito;23;19;197;2;9;2
241;2022-11-03;61;F;Casa Grande do Amparo;Básico;Boleto;14;47;51;3;4;5
242;2024-03-27;19;F;Aragão do Sul;Premium;Boleto;11;39;128;0;9;1
243;2023-03-16;60;F;Leão;Básico;PayPal;7;44;150;5;6;5
244;2023-06-22;45;M;Gomes;Standard;Boleto;10;49;128;9;5;0
245;2022-07-27;26;F;Cassiano de Caldeira;Premium;Cartão de Crédito;12;28;60;5;3;1
246;2022-08-30;47;F;da Mata;Premium;Boleto;16;12;132;8;5;5
247;2021-12-19;51;M;Borges;Standard;PayPal;35;45;59;8;10;1
248;2023-01-08;45;F;Ramos Grande;Standard;Boleto;4;49;36;8;0;5
249;2022-06-07;52;F;Aragão;Básico;PayPal;6;12;27;1;0;3
250;2021-07-16;58;F;Cunha;Standard;Cartão de Crédito;27;48;123;3;10;5
251;2023-08-13;59;F;Siqueira;Premium;Boleto;28;22;16;6;1;4
252;2022-09-15;19;F;Moreira do Sul;Standard;Cartão de Crédito;23;4;56;5;7;5
253;2022-11-12;37;M;Oliveira;Básico;Cartão de Crédito;26;33;34;0;9;3
254;2021-09-13;31;F;da Cruz dos Dourados;Básico;Boleto;1;32;24;8;9;3
255;2023-12-19;70;M;Cassiano;Básico;PayPal;15;42;38;2;3;5
256;2024-02-24;58;F;Carvalho;Premium;PayPal;34;28;44;4;0;3
257;2022-08-28;64;M;Vargas da Praia;Standard;Boleto;35;35;187;3;1;2
258;2023-10-16;67;M;Leão;Standard;Cartão de Crédito;9;43;0;7;2;1
259;2023-12-14;25;F;da Cruz;Premium;Boleto;30;5;104;5;1;2
260;2023-01-23;70;M;Pereira;Básico;Cartão de Crédito;15;25;38;4;0;5
261;2023-05-28;18;F;Rios de Minas;Premium;Cartão de Crédito;10;10;178;7;6;1
262;2024-05-12;39;F;Ramos;Premium;Boleto;16;50;77;6;4;0
263;2024-02-13;39;M;Carvalho;Premium;Boleto;21;5;27;10;6;3
264;2022-06-13;53;M;Caldeira da Serra;Básico;Cartão de Crédito;28;21;32;2;5;2
265;2024-04-06;22;M;Gonçalves do Norte;Standard;Cartão de Crédito;10;34;62;5;10;0
266;2023-03-23;66;M;Rezende da Prata;Premium;Cartão de Crédito;16;8;163;7;9;1
267;2022-08-07;37;F;Porto das Flores;Básico;PayPal;9;1;52;7;1;4
268;2022-07-05;51;F;Cavalcante da Serra;Premium;PayPal;10;43;15;9;2;4
269;2021-11-03;70;F;Brito;Premium;Boleto;19;2;134;3;2;0
270;2022-12-11;25;M;Cavalcanti do Galho;Standard;Cartão de Crédito;6;31;28;10;9;2
271;2022-04-10;22;F;Rodrigues;Standard;Cartão de Crédito;11;15;69;8;10;2
272;2023-06-07;35;F;Moura;Standard;PayPal;8;27;1;3;8;2
273;2023-12-20;18;M;Aragão;Básico;Boleto;16;20;5;2;5;0
274;2021-10-17;39;M;Sousa de Vieira;Standard;PayPal;5;38;36;2;4;5
275;2024-05-10;46;F;Rodrigues;Standard;PayPal;35;39;35;9;10;0
276;2022-03-25;51;F;Pacheco;Básico;PayPal;23;41;125;1;3;3
277;2021-11-05;32;F;Cassiano;Premium;Boleto;13;7;136;2;8;2
278;2022-11-11;62;F;Mendes;Standard;Boleto;16;45;71;4;1;5
279;2023-07-10;38;M;das Neves;Standard;Cartão de Crédito;11;48;14;0;0;4
280;2023-02-17;58;M;Moraes de Pereira;Premium;Cartão de Crédito;9;10;83;5;2;0
281;2023-05-07;37;F;Nogueira de da Costa;Standard;PayPal;29;22;52;6;4;2
282;2022-02-12;35;F;Cavalcante do Amparo;Básico;Cartão de Crédito;36;1;95;6;7;4
283;2022-11-07;62;F;Pereira do Galho;Standard;PayPal;25;31;164;0;4;0
284;2023-05-10;69;M;Garcia;Standard;Cartão de Crédito;34;43;108;9;7;4
285;2023-09-22;33;M;Viana;Standard;Cartão de Crédito;26;25;61;8;4;2
286;2023-07-04;33;M;Gonçalves de Gonçalves;Standard;PayPal;13;40;87;1;1;2
287;2023-09-05;67;F;Leão Verde;Básico;Boleto;6;10;200;1;2;2
288;2022-07-01;55;M;da Luz da Praia;Básico;Cartão de Crédito;7;29;61;4;1;2
289;2023-07-21;37;F;Moreira do Oeste;Standard;Cartão de Crédito;36;6;187;9;2;5
290;2024-05-25;49;F;Marques dos Dourados;Premium;PayPal;4;42;138;1;2;1
291;2023-05-19;34;F;Duarte;Premium;Boleto;16;44;43;8;3;5
292;2023-10-08;47;F;das Neves de Mendonça;Standard;Cartão de Crédito;25;0;120;0;1;1
293;2023-01-04;26;F;Nunes;Premium;PayPal;7;24;71;6;1;2
294;2023-11-13;55;M;Rodrigues;Premium;PayPal;36;24;2;4;5;1
295;2023-12-03;20;M;Vasconcelos;Básico;Boleto;32;42;168;3;8;2
296;2021-09-02;52;M;Aparecida;Standard;Boleto;9;14;172;9;10;4
297;2022-10-25;58;M;Pires;Premium;Cartão de Crédito;16;29;83;4;10;0
298;2021-10-14;62;F;Araújo;Standard;PayPal;12;34;110;3;8;1
299;2023-11-03;52;M;Ferreira de da Cruz;Premium;PayPal;22;14;63;5;3;4
300;2024-05-02;43;M;Camargo;Standard;Cartão de Crédito;7;39;75;6;8;5
301;2023-02-16;54;F;Cardoso;Premium;Boleto;1;18;36;1;0;4
302;2023-11-30;29;M;Teixeira;Básico;Boleto;27;37;120;5;10;1
303;2022-11-20;65;M;Brito da Praia;Standard;Cartão de Crédito;28;24;55;4;2;4
304;2021-08-30;42;M;da Mata;Standard;PayPal;29;1;91;9;5;3
305;2023-07-15;43;F;Fonseca;Standard;Boleto;20;0;142;7;8;2
306;2021-07-27;19;M;Novaes Verde;Standard;Cartão de Crédito;5;45;54;1;9;4
307;2022-10-02;53;M;da Conceição;Premium;Cartão de Crédito;20;0;12;1;7;0
308;2024-03-30;21;M;Albuquerque de Nascimento;Básico;Boleto;20;37;170;1;8;2
309;2024-05-31;35;F;Cassiano de Almeida;Básico;Cartão de Crédito;5;50;162;3;10;0
310;2023-06-24;36;M;Caldeira de Nascimento;Básico;Boleto;22;7;53;7;9;3
311;2024-03-05;35;F;Abreu;Básico;Boleto;6;39;181;2;0;2
312;2023-06-29;20;M;Azevedo das Pedras;Premium;Cartão de Crédito;12;40;25;0;0;3
313;2023-06-29;25;F;Campos da Mata;Standard;Cartão de Crédito;25;33;118;5;7;4
314;2021-12-12;66;F;Lopes;Básico;Boleto;21;4;25;8;9;2
315;2022-03-08;30;M;Pinto;Premium;Boleto;10;28;88;7;2;0
316;2022-12-03;64;M;da Mota da Praia;Básico;Cartão de Crédito;8;14;48;2;9;2
317;2024-02-13;26;M;Ramos;Básico;Cartão de Crédito;35;8;138;7;6;5
318;2021-07-15;46;F;Alves;Premium;PayPal;20;50;123;9;4;1
319;2021-09-03;55;M;Pereira;Standard;Cartão de Crédito;15;29;195;6;1;4
320;2024-03-01;23;F;Siqueira;Standard;Boleto;13;11;22;10;0;5
321;2022-04-01;62;M;Rezende das Flores;Básico;Cartão de Crédito;10;17;117;6;4;3
322;2021-11-04;63;M;Cassiano do Amparo;Premium;PayPal;4;33;88;6;5;0
323;2022-09-12;40;F;da Mata;Básico;Boleto;11;26;124;7;0;2
324;2024-02-03;62;F;Câmara de Brito;Standard;Boleto;15;6;133;9;3;2
325;2024-02-13;68;F;da Conceição Verde;Standard;Cartão de Crédito;29;5;171;5;4;5
326;2023-03-27;51;M;Ramos;Standard;Cartão de Crédito;14;31;155;9;8;1
327;2021-08-01;23;F;Casa Grande;Premium;PayPal;25;36;91;9;5;4
328;2023-04-14;22;F;Castro;Premium;Boleto;28;3;183;10;3;4
329;2023-12-26;62;M;Rios;Standard;Cartão de Crédito;23;16;102;5;1;0
330;2023-01-02;52;M;Barbosa do Galho;Básico;Cartão de Crédito;15;35;130;6;3;1
331;2024-05-03;49;M;Abreu de Jesus;Premium;Cartão de Crédito;32;17;144;1;5;5
332;2022-11-09;21;F;Araújo;Standard;Boleto;30;31;117;6;0;0
333;2022-05-26;47;F;Melo;Premium;Boleto;1;36;69;3;6;2
334;2023-04-06;63;F;Farias do Campo;Premium;Boleto;27;22;123;3;8;2
335;2023-10-10;43;F;Cassiano;Básico;Cartão de Crédito;21;19;115;9;2;3
336;2024-03-25;31;M;da Costa;Standard;PayPal;3;45;137;3;6;0
337;2024-06-28;28;M;Novaes dos Dourados;Standard;Boleto;2;10;163;7;6;4
338;2024-05-14;57;F;Siqueira dos Dourados;Premium;Boleto;21;12;18;7;9;5
339;2022-08-23;64;M;Silva;Premium;PayPal;1;30;46;0;3;0
340;2021-09-09;23;F;Moura;Standard;Boleto;16;46;163;10;8;5
341;2023-01-24;49;M;Macedo de Farias;Standard;Cartão de Crédito;12;33;69;2;4;4
342;2021-09-24;45;M;Sales de Pacheco;Básico;Boleto;27;4;23;6;7;4
343;2023-05-24;19;M;Rodrigues;Básico;Cartão de Crédito;36;45;156;6;9;4
344;2022-02-11;59;F;Guerra dos Dourados;Básico;Boleto;19;47;136;3;3;4
345;2022-07-17;48;F;Caldeira;Básico;Cartão de Crédito;19;15;13;4;8;2
346;2023-06-18;25;M;Novais Paulista;Premium;PayPal;30;6;118;2;6;2
347;2022-06-15;45;F;Guerra;Premium;Boleto;20;1;27;2;6;3
348;2023-01-21;19;F;Cassiano;Standard;PayPal;35;14;41;8;7;2
349;2024-05-19;57;M;Rodrigues de Barros;Standard;PayPal;25;13;93;4;8;2
350;2023-03-29;41;M;Pires de Lopes;Standard;PayPal;21;29;142;7;3;2
351;2023-12-21;33;F;Cardoso do Campo;Básico;Cartão de Crédito;36;22;82;4;4;4
352;2022-05-20;21;F;Pacheco;Básico;Cartão de Crédito;36;34;88;4;8;0
353;2023-09-28;68;F;da Mota;Standard;PayPal;13;44;119;3;10;2
354;2023-05-07;45;F;da Paz do Amparo;Standard;Cartão de Crédito;19;39;128;6;8;5
355;2023-09-25;50;F;Freitas de Borges;Standard;PayPal;24;32;199;3;3;2
356;2023-01-31;40;M;Ribeiro;Standard;Boleto;29;29;76;6;5;5
357;2022-04-07;37;F;Borges;Básico;Boleto;12;42;112;9;9;2
358;2023-10-25;56;M;Viana;Básico;PayPal;35;33;33;5;2;0
359;2024-05-23;39;F;Cassiano;Premium;PayPal;25;36;189;7;2;4
360;2023-03-16;25;F;da Cruz;Standard;Boleto;26;18;30;4;5;4
361;2023-04-05;22;M;Farias da Mata;Básico;Cartão de Crédito;34;44;132;2;10;3
362;2023-02-21;64;F;Brito;Básico;Cartão de Crédito;27;3;63;6;10;3
363;2023-10-18;62;M;Almeida;Standard;Cartão de Crédito;14;7;113;7;2;5
364;2024-01-21;49;F;Duarte;Premium;Cartão de Crédito;27;8;27;7;2;1
365;2023-07-28;39;M;da Cruz das Pedras;Standard;PayPal;27;28;45;0;0;5
366;2022-10-18;52;M;Santos de Novais;Premium;Cartão de Crédito;7;47;35;2;5;2
367;2022-07-15;64;M;Casa Grande da Mata;Básico;PayPal;32;34;180;6;5;2
368;2023-11-28;46;M;Garcia de Ribeiro;Premium;Boleto;26;35;3;4;1;2
369;2023-06-13;67;M;Nogueira;Premium;Boleto;35;19;30;4;5;1
370;2023-01-08;31;M;Melo;Premium;PayPal;25;3;93;5;0;0
371;2023-08-27;57;F;Mendes da Mata;Básico;Cartão de Crédito;4;21;71;2;9;4
372;2022-07-12;54;F;Dias;Básico;Cartão de Crédito;3;16;83;7;10;5
373;2022-07-05;67;F;Peixoto;Premium;Boleto;18;34;136;9;7;0
374;2022-11-07;68;M;Abreu;Premium;Boleto;35;46;35;4;1;5
375;2021-08-19;34;M;Ferreira de da Cunha;Básico;Cartão de Crédito;31;10;144;0;2;2
376;2023-03-23;27;F;Marques;Básico;PayPal;14;38;18;7;6;2
377;2022-10-23;26;F;Araújo da Praia;Standard;Boleto;17;4;31;1;6;1
378;2022-04-02;63;M;Aparecida do Amparo;Standard;Cartão de Crédito;36;19;154;4;7;3
379;2024-05-17;26;M;Caldeira;Básico;Cartão de Crédito;35;40;191;8;9;0
380;2023-04-29;23;M;Albuquerque de Cassiano;Premium;Cartão de Crédito;1;43;138;4;8;1
381;2021-10-25;52;F;Teixeira;Premium;PayPal;10;42;43;10;1;3
382;2024-05-15;24;F;Moraes de Nunes;Premium;PayPal;23;46;151;6;8;4
383;2024-05-21;62;M;da Cunha das Pedras;Básico;Cartão de Crédito;29;23;84;9;4;1
384;2024-05-30;51;F;Câmara;Standard;Cartão de Crédito;7;23;82;1;5;5
385;2024-04-08;18;F;Andrade;Premium;Boleto;10;38;165;8;10;1
386;2021-10-19;37;F;da Mata de Pires;Standard;PayPal;32;18;189;10;10;4
387;2023-07-10;64;F;Novaes Grande;Básico;Cartão de Crédito;25;9;7;6;0;3
388;2022-08-25;18;F;Ferreira;Premium;Boleto;22;43;81;4;9;5
389;2021-12-07;47;F;Vieira;Básico;PayPal;15;10;193;2;0;3
390;2022-01-16;37;M;Ferreira Verde;Premium;Boleto;35;36;5;4;0;1
391;2022-03-12;61;F;Novais;Básico;Boleto;15;6;111;6;0;1
392;2022-10-12;41;M;da Rosa Paulista;Básico;Cartão de Crédito;27;18;161;4;6;1
393;2024-03-03;24;M;Correia;Standard;PayPal;4;21;32;8;10;4
394;2021-10-21;50;F;da Mata;Básico;PayPal;34;3;193;5;7;2
395;2023-02-03;20;M;Gomes;Premium;PayPal;8;8;87;8;6;3
396;2023-07-08;42;M;Pacheco;Premium;PayPal;22;36;100;9;7;2
397;2021-08-02;35;M;Pacheco do Oeste;Standard;Cartão de Crédito;25;1;190;1;6;1
398;2022-05-18;47;F;Martins;Premium;Cartão de Crédito;36;20;98;1;5;3
399;2022-07-16;25;M;Campos;Standard;Cartão de Crédito;10;31;150;1;8;2
400;2024-04-16;23;M;Viana Alegre;Standard;Cartão de Crédito;8;8;113;9;5;5
401;2021-12-06;65;M;Pastor Paulista;Premium;PayPal;35;35;199;9;0;2
402;2022-04-12;26;F;Pereira do Oeste;Standard;Boleto;33;23;177;1;7;4
403;2023-05-19;37;F;Rocha de da Mata;Standard;PayPal;16;41;31;3;5;3
404;2024-01-21;64;M;da Mota do Sul;Premium;Boleto;36;26;55;0;4;1
405;2022-01-22;41;M;Gomes de Goiás;Básico;Boleto;29;36;153;8;1;3
406;2022-03-15;26;M;Cirino;Standard;Boleto;27;9;54;0;5;2
407;2023-09-10;59;M;Dias da Mata;Básico;Boleto;9;6;161;7;10;0
408;2023-07-05;64;M;Leão de Sampaio;Premium;PayPal;4;27;38;8;5;3
409;2022-12-12;59;F;Cardoso;Standard;PayPal;27;17;149;2;7;5
410;2024-01-25;52;M;Araújo;Premium;Cartão de Crédito;32;5;84;4;3;5
411;2022-05-05;43;F;Duarte do Amparo;Standard;Boleto;36;29;69;6;2;4
412;2023-11-21;47;M;Andrade Alegre;Standard;Boleto;6;34;88;7;6;3
413;2023-04-09;57;M;Guerra;Standard;Cartão de Crédito;4;3;182;8;10;3
414;2024-01-07;60;F;Abreu de Goiás;Standard;PayPal;13;10;36;3;3;1
415;2022-02-24;22;F;Novais de Freitas;Premium;Cartão de Crédito;23;13;13;4;1;1
416;2023-07-31;54;M;Cirino dos Dourados;Premium;PayPal;8;20;76;7;6;5
417;2023-07-11;26;M;Freitas do Galho;Standard;PayPal;29;41;141;9;6;1
418;2023-09-21;48;M;das Neves das Pedras;Básico;Cartão de Crédito;6;44;5;9;6;1
419;2022-01-03;29;F;Cavalcanti;Standard;Cartão de Crédito;9;28;100;10;9;4
420;2023-09-30;46;M;Barbosa dos Dourados;Básico;Cartão de Crédito;1;32;70;0;4;5
421;2022-03-11;49;F;Sá;Básico;PayPal;29;0;40;9;2;3
422;2022-09-08;45;M;Novais;Premium;Cartão de Crédito;1;13;61;9;3;3
423;2023-10-21;36;M;Silveira de Goiás;Standard;PayPal;8;22;58;3;9;3
424;2022-07-30;60;F;Viana de Viana;Standard;Boleto;10;36;54;9;7;1
425;2024-03-04;52;F;Montenegro de Goiás;Premium;Cartão de Crédito;6;24;175;10;7;4
426;2022-12-07;20;M;Araújo de Minas;Premium;Boleto;16;13;132;6;6;0
427;2022-08-04;38;M;Brito de Silveira;Básico;Boleto;25;15;87;5;5;2
428;2022-03-17;20;F;Cassiano;Standard;PayPal;36;22;148;4;5;3
429;2023-04-05;45;M;Pastor da Prata;Básico;Cartão de Crédito;6;5;57;9;10;0
430;2023-11-10;31;F;Pinto;Standard;PayPal;16;42;27;10;5;5
431;2023-07-27;48;M;Nunes;Standard;Boleto;24;16;125;8;9;0
432;2022-01-18;58;M;Mendes de Goiás;Básico;Cartão de Crédito;15;44;65;0;1;4
433;2022-02-14;40;F;Aragão das Flores;Básico;Boleto;5;11;144;2;9;4
434;2021-09-15;45;F;Lima da Mata;Básico;PayPal;35;14;40;7;9;1
435;2021-10-24;46;M;Almeida;Premium;Cartão de Crédito;13;6;183;9;2;3
436;2023-09-28;30;M;Mendonça;Standard;Cartão de Crédito;28;27;146;2;8;2
437;2021-08-23;50;F;Guerra;Standard;PayPal;9;7;95;7;7;1
438;2021-08-02;37;M;da Mata;Premium;Cartão de Crédito;26;48;82;9;6;5
439;2021-12-13;19;M;Silveira;Premium;PayPal;1;41;172;7;1;1
440;2023-08-05;53;M;Ribeiro;Standard;PayPal;27;27;156;3;0;5
441;2022-05-05;43;F;Viana do Campo;Standard;Cartão de Crédito;34;41;22;3;0;3
442;2021-11-21;63;M;Alves do Oeste;Premium;Cartão de Crédito;15;14;161;5;2;5
443;2022-12-22;32;F;Cavalcante das Pedras;Premium;Boleto;5;11;79;1;7;0
444;2022-08-26;42;F;Oliveira de da Conceição;Premium;PayPal;8;13;54;5;7;2
445;2021-11-26;61;M;Casa Grande;Standard;Boleto;31;24;25;10;10;2
446;2024-03-31;47;F;Vieira;Básico;Cartão de Crédito;24;15;142;5;10;0
447;2023-09-06;51;F;Monteiro do Amparo;Standard;Boleto;15;8;54;1;10;5
448;2024-02-29;41;M;Araújo;Básico;PayPal;7;45;182;5;6;2
449;2022-06-05;56;M;da Paz da Serra;Premium;PayPal;33;48;3;1;2;0
450;2024-01-07;30;F;Cavalcante;Premium;PayPal;14;29;127;9;1;0
451;2022-04-30;64;F;Leão de Borges;Básico;Boleto;16;41;25;7;1;2
452;2023-05-25;25;F;Azevedo do Amparo;Standard;PayPal;5;3;150;2;10;4
453;2023-09-21;41;F;Macedo do Norte;Standard;PayPal;11;11;1;4;6;3
454;2024-02-23;63;M;Castro;Básico;PayPal;26;12;62;5;4;1
455;2021-09-29;68;F;Oliveira de Minas;Básico;PayPal;23;0;50;9;5;4
456;2023-03-28;39;F;Caldeira;Standard;Cartão de Crédito;23;13;154;6;2;1
457;2023-12-18;20;M;Viana;Premium;Cartão de Crédito;11;19;83;1;9;3
458;2022-01-01;67;F;Cardoso;Premium;Cartão de Crédito;19;16;24;8;7;4
459;2022-03-25;47;M;Araújo;Básico;Boleto;2;13;48;8;1;2
460;2023-10-17;38;M;Martins;Premium;Boleto;35;38;110;10;7;2
461;2024-02-28;19;F;Castro do Amparo;Premium;PayPal;29;48;151;5;4;2
462;2023-10-24;36;M;Silveira da Prata;Standard;Boleto;14;33;63;10;3;4
463;2022-06-06;54;M;Brito;Básico;PayPal;3;23;101;9;7;2
464;2023-09-28;33;M;da Cunha do Norte;Standard;Cartão de Crédito;13;49;156;5;4;5
465;2023-08-28;51;F;Câmara;Básico;PayPal;36;34;190;5;10;5
466;2023-02-23;68;M;Jesus;Standard;PayPal;8;14;123;0;1;3
467;2022-01-31;53;M;Marques;Standard;Cartão de Crédito;12;41;168;3;0;4
468;2023-11-10;23;F;Ribeiro;Premium;Boleto;1;47;41;8;2;1
469;2021-12-10;45;F;Sales das Pedras;Básico;Boleto;16;28;127;0;3;2
470;2023-07-17;32;F;Oliveira de Andrade;Standard;Boleto;10;9;40;5;2;4
471;2023-01-03;57;M;Cunha;Standard;PayPal;20;5;169;4;3;0
472;2024-06-21;55;M;Costela;Premium;Boleto;7;50;34;4;10;0
473;2023-07-23;36;F;Sá do Sul;Básico;Cartão de Crédito;11;38;55;8;4;2
474;2022-08-01;28;M;Vasconcelos do Sul;Premium;Cartão de Crédito;6;10;26;7;6;2
475;2022-08-24;33;F;Andrade;Standard;Cartão de Crédito;33;25;111;1;0;0
476;2024-01-27;48;F;Guerra do Galho;Básico;Boleto;18;37;42;2;9;1
477;2023-09-07;42;F;Camargo de Pires;Premium;Cartão de Crédito;13;12;31;6;10;2
478;2023-01-09;30;M;Marques da Serra;Básico;Cartão de Crédito;30;8;90;5;2;0
479;2024-06-05;41;M;Rodrigues;Básico;PayPal;25;33;95;8;0;5
480;2023-04-21;35;M;Aragão;Premium;Cartão de Crédito;23;2;15;8;4;4
481;2022-12-14;60;M;Souza da Mata;Básico;PayPal;4;43;118;6;10;1
482;2023-08-10;66;F;Brito;Premium;PayPal;16;46;172;8;1;5
483;2022-02-18;51;F;Gonçalves;Standard;Cartão de Crédito;10;16;131;5;0;5
484;2023-11-27;54;M;Peixoto de Sousa;Premium;Boleto;32;26;169;7;3;1
485;2023-08-27;40;M;Nogueira das Pedras;Premium;Cartão de Crédito;26;45;73;4;7;4
486;2023-10-13;32;F;Garcia de Vargas;Premium;Boleto;17;28;122;10;3;1
487;2024-06-29;27;M;Gomes;Standard;Boleto;29;19;132;0;4;1
488;2022-04-21;34;M;Moraes;Standard;Boleto;31;21;69;1;0;3
489;2023-01-03;66;F;Martins;Premium;Boleto;23;48;190;7;7;0
490;2023-10-17;54;F;Araújo;Básico;Boleto;18;29;43;0;9;0
491;2023-02-16;60;M;Silva da Serra;Standard;PayPal;24;18;42;9;2;4
492;2022-06-20;28;F;Silveira do Galho;Premium;PayPal;23;26;191;6;7;0
493;2022-01-04;47;F;Aragão Alegre;Standard;Boleto;17;15;96;5;0;2
494;2023-10-18;30;M;Rodrigues;Standard;PayPal;8;41;143;4;4;0
495;2022-02-01;32;F;da Mata;Standard;PayPal;34;0;135;3;10;4
496;2022-05-02;48;F;Alves de Barros;Básico;Cartão de Crédito;27;14;170;5;2;4
497;2021-09-05;40;F;Martins da Prata;Básico;Cartão de Crédito;36;20;23;9;7;3
498;2022-12-29;22;M;Ribeiro;Standard;Boleto;13;5;29;2;0;1
499;2022-09-28;37;M;Aparecida Verde;Premium;PayPal;6;8;34;5;1;5
500;2022-04-09;68;F;da Paz da Praia;Básico;PayPal;24;45;141;9;0;1
501;2023-12-18;43;F;Sá de Borges;Standard;Cartão de Crédito;31;50;109;2;3;4
502;2024-03-11;24;M;Azevedo;Básico;Cartão de Crédito;9;12;169;5;4;3
503;2022-02-14;65;M;Ferreira de Jesus;Standard;Cartão de Crédito;29;20;186;5;8;4
504;2023-05-13;67;F;Moura de Garcia;Premium;PayPal;18;16;59;5;5;4
505;2023-10-21;48;F;da Mata;Básico;Cartão de Crédito;7;16;16;5;3;2
506;2021-08-14;21;F;da Mata;Básico;Boleto;2;6;13;10;0;5
507;2021-08-16;51;M;Cassiano da Mata;Premium;Boleto;10;38;113;3;4;0
508;2024-04-29;60;M;da Mota de da Luz;Premium;PayPal;32;45;43;5;8;4
509;2023-02-13;23;M;Garcia do Campo;Básico;Cartão de Crédito;17;0;68;0;7;4
510;2022-05-16;36;M;Cunha;Premium;PayPal;27;24;181;7;2;1
511;2022-03-20;64;M;Barros do Amparo;Básico;Cartão de Crédito;30;44;155;5;2;5
512;2023-11-09;70;M;Freitas;Premium;PayPal;35;39;154;1;10;4
513;2022-04-27;59;M;Duarte de Monteiro;Básico;Cartão de Crédito;14;23;6;3;0;2
514;2023-07-23;29;M;Lima;Básico;Boleto;7;4;138;2;2;1
515;2023-05-18;65;M;Novaes;Standard;Cartão de Crédito;19;45;79;5;1;3
516;2021-11-16;34;F;da Luz;Standard;Boleto;32;33;63;7;5;4
517;2023-01-05;42;M;Araújo;Standard;Cartão de Crédito;9;11;110;4;2;0
518;2022-02-16;20;F;das Neves;Standard;Cartão de Crédito;32;5;72;4;10;4
519;2023-08-13;67;M;da Costa;Standard;Boleto;6;23;22;0;8;4
520;2021-07-14;45;M;Gomes;Básico;Cartão de Crédito;12;10;35;8;6;0
521;2021-08-15;51;M;Rocha;Standard;PayPal;11;27;88;9;10;2
522;2021-09-01;29;F;Montenegro do Sul;Básico;Boleto;28;16;136;5;9;1
523;2022-12-13;57;F;Sampaio de Duarte;Standard;Cartão de Crédito;13;20;176;6;4;1
524;2022-04-28;51;M;da Rocha do Sul;Básico;Boleto;32;38;86;7;10;4
525;2024-01-30;30;M;da Luz;Premium;PayPal;1;13;185;5;5;5
526;2024-05-29;20;M;da Luz;Standard;Boleto;8;36;128;3;0;0
527;2022-03-29;43;M;Machado;Standard;Cartão de Crédito;6;42;85;4;5;5
528;2022-11-16;33;M;Ferreira;Premium;PayPal;22;29;157;5;9;0
529;2022-07-17;44;F;da Mata;Standard;Boleto;27;13;17;1;8;1
530;2022-07-18;53;M;da Cunha;Standard;PayPal;12;15;38;1;5;5
531;2022-12-17;25;M;Carvalho;Básico;Boleto;33;7;54;7;8;1
532;2022-07-27;22;F;Lima;Standard;Cartão de Crédito;9;38;148;7;8;0
533;2022-07-13;36;F;Jesus da Mata;Standard;Boleto;9;4;76;4;5;2
534;2022-07-26;66;F;Casa Grande;Premium;Boleto;16;48;100;1;4;4
535;2024-06-07;46;F;Macedo do Oeste;Premium;PayPal;25;32;21;5;7;5
536;2024-03-23;31;M;Borges;Premium;Boleto;3;50;134;9;0;0
537;2022-01-19;52;M;da Costa;Premium;PayPal;19;28;91;9;5;0
538;2023-04-14;41;F;Souza;Premium;Boleto;4;46;52;9;9;2
539;2022-08-30;63;F;Silva;Básico;Cartão de Crédito;22;49;38;4;6;1
540;2022-09-21;33;M;Rocha dos Dourados;Premium;Cartão de Crédito;1;28;75;5;2;0
541;2023-11-09;27;M;da Cunha de Sousa;Premium;Boleto;27;8;156;1;1;2
542;2022-08-20;59;F;Vieira;Standard;Cartão de Crédito;33;12;12;1;7;4
543;2024-06-25;52;M;Pimenta;Standard;Boleto;8;33;48;8;1;2
544;2022-03-16;62;M;Siqueira dos Dourados;Premium;Cartão de Crédito;14;14;168;5;4;5
545;2023-12-22;53;F;Barros;Standard;Cartão de Crédito;31;6;197;7;3;0
546;2024-01-20;56;M;Moraes;Premium;Boleto;2;22;67;2;9;1
547;2023-05-07;50;M;Lopes;Standard;Boleto;33;39;129;4;3;2
548;2022-01-16;18;M;Carvalho;Básico;Cartão de Crédito;29;3;0;10;10;0
549;2022-10-30;40;F;Guerra;Básico;Cartão de Crédito;13;19;25;4;0;5
550;2024-04-21;40;F;Machado Grande;Premium;PayPal;26;6;52;4;7;2
551;2023-04-29;19;M;Camargo das Pedras;Básico;Boleto;34;45;64;6;6;0
552;2023-02-13;23;F;Gomes;Standard;PayPal;10;39;21;4;2;1
553;2023-11-25;31;M;Costa de Melo;Premium;Boleto;33;33;59;5;10;5
554;2023-08-29;22;M;Souza do Campo;Básico;Cartão de Crédito;15;44;11;7;2;2
555;2022-01-12;38;M;Costa;Básico;PayPal;32;2;18;4;9;0
556;2021-11-22;51;M;Moura de Santos;Básico;PayPal;1;7;42;5;5;1
557;2023-02-12;35;F;Fernandes de Caldeira;Premium;Cartão de Crédito;21;19;149;4;0;2
558;2024-05-23;63;F;da Conceição de Almeida;Standard;Cartão de Crédito;16;17;54;9;9;1
559;2024-05-17;39;F;da Conceição;Básico;Cartão de Crédito;28;35;92;10;4;3
560;2022-03-07;48;M;Moura da Serra;Standard;Boleto;4;36;185;10;6;2
561;2022-11-24;34;M;Martins;Premium;Boleto;10;11;176;10;0;3
562;2022-10-10;29;F;Caldeira Grande;Premium;PayPal;24;44;76;8;8;4
563;2023-03-24;20;F;Andrade de Freitas;Premium;Cartão de Crédito;6;30;124;0;4;0
564;2022-09-14;51;M;Sá do Sul;Premium;PayPal;6;11;182;9;2;3
565;2022-08-04;22;F;Teixeira de Marques;Básico;Boleto;10;41;94;3;5;0
566;2021-07-20;56;M;Nunes;Básico;PayPal;26;12;154;0;0;2
567;2022-12-04;47;M;da Rocha de Silva;Básico;Boleto;31;49;131;7;0;4
568;2023-01-05;65;M;da Cruz do Campo;Standard;PayPal;29;50;106;8;8;5
569;2023-06-13;62;F;Santos;Básico;PayPal;16;9;73;8;9;4
570;2023-09-01;44;M;Silva Paulista;Premium;Boleto;15;33;133;1;3;0
571;2022-05-31;60;M;Mendes;Standard;PayPal;34;12;31;6;2;1
572;2022-08-23;41;F;Porto do Norte;Premium;Boleto;8;5;48;6;4;0
573;2023-03-25;18;F;Gonçalves;Premium;Boleto;30;34;24;3;7;4
574;2021-07-18;31;F;Moraes do Galho;Premium;PayPal;20;6;76;0;0;3
575;2023-07-03;41;F;Cunha das Flores;Standard;Boleto;32;27;70;0;6;3
576;2023-07-20;36;F;Vasconcelos do Sul;Standard;PayPal;11;1;171;8;9;0
577;2022-04-13;45;F;Ramos;Standard;PayPal;26;29;145;5;8;2
578;2022-05-10;54;F;Melo da Praia;Premium;PayPal;3;3;78;8;7;5
579;2023-11-16;27;F;da Mata;Premium;Cartão de Crédito;36;3;92;0;5;2
580;2023-08-04;39;M;Barbosa;Standard;PayPal;27;47;93;9;3;5
581;2023-03-25;28;F;Costa;Standard;Cartão de Crédito;20;19;178;8;8;2
582;2023-06-07;30;M;Araújo da Prata;Básico;Cartão de Crédito;13;18;155;8;8;2
583;2023-07-14;41;F;Rios;Standard;Cartão de Crédito;21;6;63;5;1;3
584;2023-05-29;68;F;Albuquerque Grande;Standard;Cartão de Crédito;18;48;16;1;2;3
585;2022-04-22;45;M;Correia;Standard;Cartão de Crédito;8;34;5;3;2;2
586;2023-07-11;38;F;Rios Grande;Básico;Cartão de Crédito;33;13;178;3;1;1
587;2022-05-17;68;F;Rocha do Amparo;Premium;PayPal;34;20;158;8;2;3
588;2024-02-01;33;M;Lopes;Premium;Boleto;7;10;186;7;1;4
589;2022-10-15;59;F;Aragão do Campo;Standard;Boleto;21;4;188;10;0;1
590;2023-04-07;54;M;Sá das Pedras;Premium;PayPal;8;9;119;5;0;4
591;2021-12-09;66;F;Ramos das Flores;Básico;PayPal;25;11;45;0;6;3
592;2022-05-05;55;F;Moraes de Barros;Premium;Cartão de Crédito;7;32;82;3;7;0
593;2024-02-18;66;M;Nogueira;Básico;PayPal;7;21;67;4;0;5
594;2024-02-27;69;F;Ramos;Premium;Boleto;29;49;181;4;4;2
595;2024-02-14;50;F;da Cruz;Premium;Boleto;30;43;23;5;7;5
596;2024-07-01;44;F;Mendes;Premium;PayPal;14;33;79;8;6;5
597;2024-04-07;55;F;Duarte Alegre;Standard;Cartão de Crédito;9;15;153;10;10;3
598;2024-06-10;62;F;Rezende;Premium;PayPal;31;48;138;5;9;0
599;2022-08-08;69;M;Rezende;Básico;Boleto;4;19;148;8;1;1
600;2022-01-07;43;F;Dias de Goiás;Premium;Boleto;11;40;88;7;5;3
601;2022-12-15;45;F;Cunha;Básico;PayPal;14;41;49;3;2;3
602;2023-03-08;65;M;Jesus;Básico;Boleto;33;35;23;9;3;3
603;2023-02-05;44;M;da Costa;Premium;Cartão de Crédito;25;33;129;10;7;4
604;2023-07-15;25;F;Campos Alegre;Standard;PayPal;34;36;60;8;8;4
605;2023-07-18;66;F;Ramos;Básico;Boleto;14;19;177;5;5;3
606;2022-04-29;33;F;Costela da Serra;Básico;Cartão de Crédito;27;39;90;4;3;2
607;2023-03-11;62;M;Martins da Prata;Standard;Boleto;34;1;77;3;3;0
608;2022-05-04;62;M;Montenegro de Carvalho;Básico;Boleto;22;19;24;1;1;4
609;2023-08-29;69;M;Almeida da Serra;Básico;PayPal;26;31;19;6;4;4
610;2021-08-17;55;M;Leão;Standard;Boleto;2;40;118;10;1;0
611;2024-02-26;34;M;Barbosa Alegre;Standard;Boleto;33;9;173;4;4;2
612;2024-01-06;42;F;Andrade Alegre;Premium;Cartão de Crédito;35;2;127;9;8;2
613;2023-04-17;50;M;da Mata;Standard;Cartão de Crédito;23;11;24;8;8;2
614;2023-11-11;44;F;Correia;Premium;Boleto;16;5;16;5;0;1
615;2021-08-23;35;M;da Luz de Albuquerque;Standard;Boleto;12;6;45;4;5;0
616;2021-11-15;49;F;Sousa do Norte;Básico;Boleto;30;39;28;3;8;5
617;2024-03-25;59;M;da Cruz Grande;Premium;PayPal;12;9;9;2;3;2
618;2023-11-16;66;F;Martins;Standard;Cartão de Crédito;27;25;2;2;2;2
619;2023-08-29;45;F;Camargo Paulista;Básico;Boleto;31;21;16;8;10;4
620;2024-01-29;41;M;Novais;Premium;Cartão de Crédito;11;50;162;10;6;3
621;2022-09-02;62;F;Garcia;Básico;Cartão de Crédito;5;19;15;6;8;4
622;2024-05-26;46;F;Leão;Premium;Cartão de Crédito;3;45;48;7;0;2
623;2022-12-19;49;F;Melo da Serra;Básico;Cartão de Crédito;2;17;108;2;3;3
624;2023-07-24;24;M;Costela;Standard;PayPal;31;42;128;10;3;5
625;2021-07-14;49;M;Martins;Standard;Boleto;28;28;104;2;8;1
626;2024-06-08;22;F;Farias de Martins;Standard;PayPal;1;21;155;5;0;2
627;2023-12-24;38;F;Aparecida;Premium;PayPal;33;0;18;5;0;4
628;2023-04-27;33;F;Castro do Norte;Premium;Boleto;29;42;136;3;6;2
629;2023-11-02;50;F;da Mota de Minas;Standard;PayPal;11;30;128;3;5;5
630;2021-07-22;38;M;Moraes de Porto;Básico;Cartão de Crédito;3;29;137;3;8;5
631;2021-12-11;62;F;Pires;Premium;Cartão de Crédito;26;8;169;1;4;5
632;2023-09-30;55;M;da Cunha do Sul;Premium;Boleto;23;14;15;1;10;5
633;2024-02-26;44;F;Silva da Praia;Premium;Cartão de Crédito;26;10;43;9;2;0
634;2023-01-05;70;F;Pereira de Cardoso;Premium;Cartão de Crédito;28;25;38;8;6;4
635;2022-12-21;70;M;Novaes de Aragão;Standard;Cartão de Crédito;1;0;84;7;9;1
636;2022-09-02;60;M;da Mata das Flores;Standard;Cartão de Crédito;15;48;169;4;5;1
637;2023-11-23;57;F;Fernandes da Praia;Premium;Cartão de Crédito;14;15;90;2;9;5
638;2022-07-30;24;F;da Cruz;Básico;Boleto;36;14;99;6;2;1
639;2024-06-04;52;M;Leão;Premium;Cartão de Crédito;18;41;143;7;6;0
640;2024-03-09;70;F;Macedo dos Dourados;Standard;Cartão de Crédito;2;14;36;9;2;1
641;2023-06-16;59;M;Rocha;Premium;PayPal;34;9;142;5;0;3
642;2023-03-26;58;F;Fogaça Grande;Básico;PayPal;18;17;73;2;4;5
643;2021-07-22;40;M;Rocha do Oeste;Básico;Boleto;16;5;93;5;8;1
644;2022-03-24;52;M;Leão Grande;Básico;PayPal;2;25;166;7;3;1
645;2022-09-19;65;F;da Conceição de Câmara;Básico;Boleto;32;11;194;7;9;3
646;2021-08-18;61;F;Sales Paulista;Standard;Cartão de Crédito;21;46;3;7;8;1
647;2023-11-14;56;M;Andrade do Amparo;Standard;PayPal;22;49;95;8;2;3
648;2023-01-25;60;F;Vasconcelos;Standard;Cartão de Crédito;4;48;63;9;7;4
649;2023-12-24;20;M;Costa;Premium;Boleto;30;49;133;6;8;1
650;2024-02-29;35;M;Macedo;Premium;Boleto;25;0;197;6;7;0
651;2021-09-09;31;F;da Mota;Premium;PayPal;16;39;35;4;10;4
652;2024-02-09;49;M;Siqueira;Básico;PayPal;18;21;133;7;8;5
653;2022-06-05;29;M;Vasconcelos;Standard;Boleto;26;14;187;7;5;1
654;2023-05-21;54;F;Barbosa de Goiás;Básico;Cartão de Crédito;30;19;144;3;6;4
655;2023-08-10;48;M;Fogaça Alegre;Premium;Boleto;26;37;184;5;7;5
656;2021-11-21;51;M;Alves Alegre;Premium;PayPal;24;22;192;2;9;3
657;2024-05-12;67;F;Lopes;Básico;Cartão de Crédito;14;29;74;10;6;0
658;2022-12-27;44;F;Costela de Minas;Básico;PayPal;20;11;199;3;2;5
659;2022-07-18;52;M;Casa Grande;Standard;Boleto;25;22;150;2;6;2
660;2021-09-04;34;F;Teixeira;Standard;Boleto;4;46;130;3;8;2
661;2023-09-14;21;M;Rezende;Básico;Cartão de Crédito;8;38;129;10;9;1
662;2023-06-05;49;M;Pereira de Minas;Standard;Boleto;8;19;132;3;9;4
663;2023-06-16;44;M;Cirino de Sá;Básico;Cartão de Crédito;18;37;174;3;2;2
664;2021-08-14;33;M;Melo do Galho;Standard;Cartão de Crédito;30;1;70;1;3;0
665;2022-02-23;51;F;Câmara;Standard;PayPal;35;17;140;0;0;0
666;2024-04-02;31;M;Borges do Norte;Básico;Boleto;1;26;150;5;2;5
667;2022-07-30;32;M;Marques da Praia;Standard;PayPal;12;38;146;10;6;0
668;2022-12-20;56;M;Vargas;Premium;Boleto;22;49;162;5;1;4
669;2022-07-13;65;M;Rezende;Standard;PayPal;8;44;29;3;1;4
670;2023-02-08;21;M;Vasconcelos;Básico;Cartão de Crédito;19;3;67;7;0;2
671;2022-10-25;43;F;da Cunha;Básico;PayPal;32;13;44;7;0;0
672;2022-03-17;23;F;Santos;Básico;PayPal;28;31;115;9;3;4
673;2024-03-10;55;M;da Costa de Minas;Básico;Boleto;31;45;55;7;3;2
674;2021-09-30;29;M;Fernandes;Premium;Boleto;11;12;103;5;1;2
675;2023-04-26;43;F;Siqueira de Albuquerque;Básico;Cartão de Crédito;3;28;72;9;5;1
676;2022-05-10;59;M;Leão Grande;Básico;Boleto;5;16;194;3;0;0
677;2023-10-28;53;F;Moraes;Básico;Boleto;11;38;185;0;10;0
678;2024-03-04;25;F;Sousa de Goiás;Premium;Boleto;35;19;163;9;3;5
679;2022-09-30;40;M;Sá do Galho;Standard;Boleto;1;35;55;6;6;3
680;2022-08-17;63;F;Sales das Flores;Standard;Cartão de Crédito;11;44;186;4;10;1
681;2022-02-23;27;M;das Neves;Standard;PayPal;18;11;74;0;10;0
682;2021-12-20;18;M;Cunha;Premium;PayPal;23;50;65;2;1;0
683;2022-06-29;61;F;Carvalho das Flores;Básico;Cartão de Crédito;16;7;52;3;0;5
684;2022-01-12;22;M;Ferreira da Praia;Standard;Cartão de Crédito;13;3;178;5;5;0
685;2024-02-15;57;F;Cavalcante;Standard;PayPal;24;3;196;5;8;4
686;2024-05-21;52;F;Lopes da Praia;Standard;PayPal;21;6;49;1;5;5
687;2022-10-03;56;M;Freitas de Cirino;Básico;Cartão de Crédito;4;8;134;2;0;5
688;2024-02-27;70;M;Melo dos Dourados;Básico;Boleto;11;49;200;6;0;2
689;2021-09-27;65;M;Rezende;Premium;Cartão de Crédito;5;29;2;5;8;2
690;2021-07-30;67;M;Melo;Premium;Cartão de Crédito;8;8;22;4;3;4
691;2024-03-22;64;F;Oliveira;Standard;Boleto;33;13;135;7;6;5
692;2022-08-14;70;M;Brito de Goiás;Básico;Boleto;8;12;35;4;6;4
693;2024-05-01;26;F;Brito;Premium;Cartão de Crédito;25;45;131;2;0;1
694;2021-08-02;37;F;Rocha dos Dourados;Básico;Cartão de Crédito;7;31;139;1;3;2
695;2023-06-23;22;F;Camargo de Guerra;Básico;PayPal;18;0;15;4;6;1
696;2022-06-06;67;M;Gonçalves da Prata;Básico;PayPal;18;47;24;7;6;4
697;2024-02-11;26;F;da Rocha;Premium;Boleto;9;44;120;3;1;1
698;2024-06-21;70;M;Borges da Mata;Premium;Cartão de Crédito;18;13;127;0;6;3
699;2022-02-09;58;F;Novais de Silveira;Premium;Cartão de Crédito;7;49;143;10;10;3
700;2022-09-11;24;F;Montenegro dos Dourados;Básico;Cartão de Crédito;11;0;150;0;0;2
701;2024-04-07;69;F;Azevedo das Pedras;Básico;Cartão de Crédito;19;36;190;7;5;4
702;2023-09-23;22;F;Rocha de Lopes;Básico;PayPal;30;16;68;2;1;1
703;2021-10-03;50;M;Albuquerque de Goiás;Básico;Boleto;13;2;183;1;6;2
704;2022-06-06;52;M;Monteiro dos Dourados;Premium;PayPal;13;7;114;6;2;1
705;2023-05-24;33;M;Gomes;Premium;Boleto;4;10;116;5;1;4
706;2021-10-20;45;F;Rios;Básico;Boleto;6;43;62;7;4;5
707;2022-08-22;60;F;Nascimento dos Dourados;Premium;Cartão de Crédito;9;27;117;10;6;3
708;2021-08-10;58;F;Machado;Premium;PayPal;14;6;199;10;7;3
709;2024-05-26;62;F;Aparecida;Básico;Boleto;34;44;179;3;7;5
710;2023-06-14;54;M;Lopes;Básico;Boleto;13;1;104;6;0;2
711;2022-08-26;40;F;Cavalcante do Galho;Standard;PayPal;14;24;59;7;0;4
712;2021-10-23;68;F;da Mata Grande;Básico;PayPal;1;5;97;9;0;0
713;2023-11-26;28;M;Cirino do Galho;Premium;Boleto;14;27;171;5;9;5
714;2023-01-25;43;F;Moura;Premium;Boleto;19;37;106;9;7;1
715;2023-05-27;52;F;Guerra da Praia;Básico;Boleto;15;45;164;8;0;2
716;2024-04-02;66;F;Monteiro do Campo;Standard;Cartão de Crédito;18;28;114;4;2;3
717;2021-08-15;25;M;Pacheco;Standard;Cartão de Crédito;20;33;170;5;6;3
718;2023-05-30;45;M;Pires da Serra;Básico;Boleto;18;49;166;1;6;1
719;2022-05-06;62;M;Martins de Minas;Básico;PayPal;24;34;11;8;7;1
720;2023-06-30;19;F;Vasconcelos;Premium;Boleto;7;7;182;7;9;4
721;2022-07-01;61;M;Nogueira;Premium;PayPal;19;41;62;7;0;5
722;2022-06-13;67;F;da Luz de Teixeira;Standard;Boleto;33;15;66;1;6;3
723;2022-09-09;63;M;Abreu do Campo;Premium;Cartão de Crédito;9;1;36;6;4;2
724;2022-11-28;58;F;Novais da Serra;Básico;Cartão de Crédito;1;32;138;2;8;0
725;2023-01-04;59;F;Abreu de Azevedo;Básico;Boleto;3;12;173;7;8;2
726;2022-11-28;47;M;Vasconcelos da Prata;Básico;PayPal;23;23;185;2;6;0
727;2024-04-29;37;F;Montenegro Verde;Premium;PayPal;14;0;181;4;4;3
728;2023-03-27;67;M;Rios de Fonseca;Básico;Cartão de Crédito;2;8;67;3;10;3
729;2023-02-13;60;M;Mendes;Premium;Cartão de Crédito;20;1;198;1;3;4
730;2024-03-09;19;F;Mendes;Standard;Cartão de Crédito;14;40;2;2;8;0
731;2022-09-27;35;F;Farias do Campo;Standard;PayPal;10;34;171;10;5;5
732;2024-01-17;44;M;Santos;Básico;Cartão de Crédito;21;21;106;6;7;4
733;2023-07-26;44;F;Marques;Standard;PayPal;17;30;65;6;7;3
734;2022-02-22;24;F;Fogaça de Moreira;Standard;PayPal;8;24;136;1;3;0
735;2022-07-31;35;F;Silveira do Galho;Básico;Boleto;18;14;129;9;2;5
736;2024-01-27;63;M;Cirino do Amparo;Premium;Boleto;15;0;176;7;2;0
737;2023-03-05;23;M;Gonçalves;Básico;Boleto;4;43;64;6;1;2
738;2024-02-15;61;M;Sá de Goiás;Standard;Cartão de Crédito;30;14;0;8;3;5
739;2024-04-07;29;F;Santos Paulista;Básico;Cartão de Crédito;23;31;183;0;7;2
740;2023-09-21;46;F;da Mata;Standard;PayPal;24;0;10;4;1;5
741;2022-08-04;64;M;da Luz;Básico;PayPal;26;50;132;6;3;5
742;2021-07-21;49;M;Porto de Caldeira;Standard;PayPal;31;9;136;5;4;0
743;2021-10-26;43;F;Jesus Alegre;Premium;Boleto;25;47;53;1;10;5
744;2021-10-24;63;F;Almeida de da Cruz;Básico;PayPal;23;42;40;5;10;1
745;2023-04-11;55;M;Pires;Básico;Boleto;8;23;161;7;5;4
746;2022-04-09;27;M;Vasconcelos Alegre;Básico;PayPal;34;42;121;4;2;2
747;2022-12-19;56;F;Marques;Básico;Cartão de Crédito;22;33;117;2;2;3
748;2022-08-14;31;M;Moura;Standard;Cartão de Crédito;3;49;19;2;0;3
749;2023-09-25;22;M;da Cruz Paulista;Premium;PayPal;7;19;152;7;7;4
750;2022-03-17;19;F;Almeida;Premium;PayPal;23;39;180;3;4;5
751;2022-10-14;55;F;Costela;Premium;PayPal;8;30;139;6;0;3
752;2023-01-05;53;F;Fogaça da Mata;Standard;PayPal;7;45;116;0;4;0
753;2023-01-12;59;M;Souza do Amparo;Standard;Boleto;27;47;116;3;7;1
754;2022-10-13;30;M;da Mota;Básico;PayPal;28;0;124;2;3;5
755;2022-03-01;68;F;Oliveira Paulista;Standard;PayPal;20;23;1;10;0;0
756;2022-06-01;68;M;da Luz;Standard;Boleto;8;4;11;4;8;2
757;2021-09-29;56;F;Garcia;Básico;Cartão de Crédito;22;9;140;4;5;5
758;2021-08-22;37;F;da Mata de da Cruz;Standard;PayPal;27;20;192;3;5;1
759;2023-09-22;58;F;Carvalho;Básico;Cartão de Crédito;26;25;89;4;10;5
760;2021-10-15;20;F;Castro;Básico;Boleto;14;44;149;0;3;3
761;2021-12-27;25;M;Martins das Pedras;Básico;Boleto;30;21;0;9;2;0
762;2024-05-25;38;F;Gonçalves;Standard;Cartão de Crédito;17;43;70;6;9;4
763;2023-01-20;40;M;Sá das Flores;Premium;Boleto;10;18;29;7;7;1
764;2023-09-09;47;M;Albuquerque;Premium;Cartão de Crédito;9;29;120;6;0;0
765;2021-08-11;18;F;Camargo do Galho;Standard;Cartão de Crédito;7;26;143;10;10;1
766;2024-04-01;25;F;Macedo do Norte;Básico;Cartão de Crédito;29;2;2;7;10;3
767;2022-12-23;21;F;Nunes;Premium;Cartão de Crédito;3;44;47;5;2;3
768;2021-11-01;59;M;da Cruz Paulista;Premium;Boleto;18;19;132;7;3;1
769;2023-08-12;53;M;Nogueira;Premium;Boleto;23;2;56;4;2;5
770;2023-03-21;50;F;Oliveira;Premium;Boleto;28;41;137;10;8;0
771;2023-02-07;40;F;Araújo;Standard;PayPal;8;23;18;2;5;4
772;2023-06-30;21;M;Sá de Camargo;Premium;Cartão de Crédito;8;42;105;9;3;2
773;2023-05-21;64;M;Aparecida;Básico;PayPal;14;46;173;8;2;3
774;2022-11-25;31;F;Aragão;Básico;Boleto;24;40;105;3;8;1
775;2021-09-22;30;F;Nascimento de Souza;Básico;Boleto;34;31;122;2;4;4
776;2023-06-25;38;M;Oliveira;Standard;Cartão de Crédito;33;49;165;7;8;0
777;2024-04-18;47;M;Borges do Campo;Premium;Cartão de Crédito;33;3;78;1;4;4
778;2023-12-11;20;F;Carvalho do Campo;Standard;Boleto;25;22;169;8;4;0
779;2023-03-30;30;F;da Conceição;Básico;Boleto;25;39;79;3;4;4
780;2023-05-09;38;F;da Conceição de Goiás;Premium;PayPal;10;37;48;9;6;2
781;2022-03-02;27;F;Costela Verde;Standard;PayPal;4;27;185;7;10;0
782;2023-06-05;21;M;das Neves;Premium;Boleto;30;31;121;8;10;1
783;2022-10-25;41;M;Rezende;Premium;PayPal;28;39;0;2;5;1
784;2022-01-29;49;F;Rocha;Básico;Boleto;11;13;15;7;5;1
785;2021-08-20;69;M;Guerra do Norte;Standard;Cartão de Crédito;21;16;19;8;6;2
786;2022-03-01;68;M;Caldeira do Galho;Básico;PayPal;29;25;188;1;2;1
787;2022-12-27;30;F;da Rosa;Standard;Cartão de Crédito;3;1;91;2;0;1
788;2022-05-13;64;F;Garcia de da Luz;Básico;PayPal;30;14;161;3;9;5
789;2022-05-06;58;F;Casa Grande;Básico;PayPal;25;10;174;5;4;2
790;2024-05-28;60;F;Cassiano;Premium;Boleto;20;35;16;7;9;4
791;2023-03-31;65;M;Peixoto de Pastor;Básico;Cartão de Crédito;23;3;145;5;7;1
792;2022-07-12;32;F;Nascimento;Standard;PayPal;8;21;49;8;5;0
793;2023-04-16;58;F;Sales da Praia;Premium;Cartão de Crédito;23;41;108;6;10;0
794;2023-08-18;25;M;Novaes;Premium;Cartão de Crédito;12;37;120;2;9;3
795;2024-04-12;20;M;Andrade;Standard;Boleto;28;8;156;7;7;5
796;2023-03-23;55;M;Lima;Premium;Boleto;30;39;120;1;9;5
797;2022-12-20;31;M;da Luz;Standard;Cartão de Crédito;36;49;57;9;2;3
798;2023-03-05;20;F;Novais do Norte;Premium;Cartão de Crédito;35;5;160;0;2;3
799;2021-08-02;29;F;Costela de Câmara;Premium;Cartão de Crédito;17;38;163;5;4;5
800;2022-06-24;39;M;Borges da Prata;Standard;Cartão de Crédito;29;44;16;5;10;4
801;2023-11-16;41;F;da Cunha de Siqueira;Premium;Boleto;2;11;74;2;7;1
802;2022-08-27;51;F;Gonçalves da Prata;Básico;Cartão de Crédito;34;0;80;3;6;3
803;2022-03-20;65;F;Rezende;Standard;Boleto;6;47;126;3;7;1
804;2022-11-19;63;F;Martins de Correia;Standard;Boleto;7;41;72;2;1;0
805;2023-07-01;68;F;Ribeiro;Premium;Boleto;6;43;36;6;6;0
806;2022-12-29;38;M;da Rosa;Básico;Cartão de Crédito;4;11;30;1;0;2
807;2021-10-21;25;F;Azevedo do Campo;Básico;PayPal;19;47;93;10;1;1
808;2021-11-27;29;M;Sá;Básico;Cartão de Crédito;25;12;76;5;5;2
809;2022-09-02;58;F;Moraes;Premium;PayPal;26;37;12;5;10;0
810;2022-01-08;39;M;Oliveira de Jesus;Premium;Boleto;26;36;29;8;9;5
811;2023-06-22;34;M;Fogaça de Martins;Básico;Cartão de Crédito;30;9;146;0;5;3
812;2023-05-20;28;F;Barros;Standard;PayPal;30;13;31;8;3;4
813;2022-09-28;32;F;Teixeira;Básico;Cartão de Crédito;10;12;18;4;5;5
814;2023-11-20;69;M;Fernandes;Básico;PayPal;31;48;1;5;7;1
815;2022-07-31;52;F;Rios;Básico;PayPal;27;5;55;6;6;5
816;2021-08-13;56;M;Fonseca;Premium;PayPal;2;13;38;10;2;5
817;2023-02-23;22;F;Ribeiro dos Dourados;Standard;Cartão de Crédito;19;23;71;10;3;4
818;2024-03-17;41;M;Viana Grande;Básico;Cartão de Crédito;2;5;44;9;3;5
819;2022-01-02;55;M;Nogueira;Standard;Cartão de Crédito;8;9;4;1;10;3
820;2023-09-23;64;F;Câmara de Minas;Básico;PayPal;28;37;142;2;1;0
821;2022-11-14;29;F;Araújo da Mata;Básico;Boleto;17;50;93;0;8;0
822;2023-07-24;70;M;Cardoso;Premium;Boleto;11;31;16;8;0;1
823;2024-06-13;25;F;Farias Verde;Básico;PayPal;14;49;65;6;9;1
824;2022-07-07;19;F;Silveira de Rios;Premium;Boleto;8;26;123;10;4;0
825;2023-07-03;41;F;Moraes do Sul;Básico;Cartão de Crédito;4;2;90;8;3;1
826;2023-06-24;70;F;Rezende de da Rocha;Premium;Cartão de Crédito;29;38;40;10;10;5
827;2023-12-06;32;M;Vieira Alegre;Premium;Cartão de Crédito;9;47;18;6;9;5
828;2022-06-30;29;F;da Rosa;Standard;Cartão de Crédito;2;19;88;9;10;1
829;2021-11-01;45;F;Farias Grande;Básico;Cartão de Crédito;30;8;69;9;10;1
830;2023-12-05;67;M;Jesus da Serra;Básico;Cartão de Crédito;19;25;189;1;4;3
831;2023-08-14;18;F;Casa Grande do Galho;Básico;Cartão de Crédito;5;27;23;6;8;0
832;2023-01-12;39;F;Rocha;Premium;Cartão de Crédito;4;43;82;4;5;0
833;2022-04-08;63;F;Nunes;Standard;Boleto;32;26;40;7;5;3
834;2024-07-11;32;M;Mendes do Sul;Standard;Cartão de Crédito;16;50;72;5;1;2
835;2023-04-01;19;M;Silva dos Dourados;Standard;PayPal;30;47;107;6;6;0
836;2023-07-16;21;M;Araújo;Premium;Boleto;33;6;43;9;6;2
837;2023-03-21;25;M;Camargo;Premium;PayPal;32;13;113;3;1;2
838;2023-07-19;50;F;da Luz do Oeste;Standard;Cartão de Crédito;6;39;5;1;10;1
839;2023-09-20;63;M;Abreu de Minas;Standard;Boleto;5;48;2;5;10;4
840;2023-02-02;40;M;Silveira da Prata;Standard;Boleto;21;25;92;10;10;3
841;2022-02-06;54;F;da Mota;Premium;Cartão de Crédito;32;34;90;0;6;4
842;2021-10-07;51;F;da Paz;Standard;PayPal;35;8;138;10;4;2
843;2024-04-07;23;M;Barros;Standard;Boleto;24;40;124;10;1;1
844;2021-12-27;69;M;Fogaça;Básico;Boleto;19;46;70;1;9;0
845;2024-05-16;20;M;da Paz;Premium;Cartão de Crédito;23;28;155;10;8;3
846;2023-02-24;56;M;Nascimento Alegre;Premium;Cartão de Crédito;10;43;33;7;6;1
847;2021-12-19;18;F;Caldeira;Básico;Cartão de Crédito;9;19;86;3;1;0
848;2024-04-12;53;F;Sá;Básico;PayPal;14;29;140;8;6;3
849;2024-02-18;43;F;Cirino;Básico;Boleto;14;26;61;4;10;4
850;2023-10-16;31;M;Siqueira;Básico;PayPal;31;44;127;1;1;5
851;2023-09-11;24;M;Monteiro do Oeste;Básico;Boleto;17;34;63;9;4;0
852;2023-01-04;44;M;Andrade do Sul;Básico;Boleto;30;30;124;0;5;4
853;2022-02-17;63;M;Rodrigues de Moraes;Básico;PayPal;9;22;38;1;0;5
854;2022-01-09;38;F;Ramos;Premium;Boleto;32;27;167;5;7;3
855;2024-07-12;32;F;Dias do Sul;Standard;PayPal;19;23;12;7;2;0
856;2023-04-09;28;M;Dias;Básico;Cartão de Crédito;9;45;12;9;5;4
857;2024-06-17;19;M;da Rosa;Básico;PayPal;36;29;172;2;7;2
858;2023-06-20;64;F;Montenegro de Goiás;Standard;Cartão de Crédito;10;21;11;10;10;2
859;2023-02-19;49;F;Câmara de Goiás;Standard;Cartão de Crédito;16;45;23;9;0;4
860;2022-06-18;62;F;Abreu Alegre;Premium;PayPal;27;26;97;2;2;2
861;2023-09-15;64;F;Martins;Premium;PayPal;28;35;105;8;9;0
862;2023-10-27;32;M;Cunha;Básico;Cartão de Crédito;12;35;115;7;5;4
863;2021-07-21;35;M;Lopes;Básico;Cartão de Crédito;19;32;197;6;4;5
864;2022-02-04;37;F;Caldeira;Standard;PayPal;11;36;134;4;10;4
865;2024-05-31;20;M;Araújo;Básico;Cartão de Crédito;7;50;8;8;10;2
866;2023-03-08;42;M;da Cruz de Abreu;Básico;Cartão de Crédito;34;36;14;8;4;1
867;2022-11-13;59;F;Melo;Básico;Boleto;9;25;164;2;1;3
868;2022-03-08;56;M;da Mata;Básico;PayPal;25;35;37;3;4;4
869;2023-02-02;66;M;Montenegro;Standard;Boleto;9;26;46;9;10;0
870;2023-10-15;70;M;Abreu;Básico;PayPal;7;12;181;0;9;3
871;2021-08-15;44;M;Silva;Standard;Cartão de Crédito;4;15;18;10;5;5
872;2021-10-01;56;M;Correia;Standard;PayPal;8;44;51;6;8;4
873;2022-02-09;48;F;Garcia;Standard;Cartão de Crédito;9;6;72;1;8;0
874;2022-07-31;54;F;Castro do Galho;Premium;PayPal;30;48;128;1;4;4
875;2023-07-13;57;M;Moraes;Premium;Cartão de Crédito;21;15;152;4;1;1
876;2023-09-10;48;F;Sales;Standard;Boleto;10;6;82;1;6;3
877;2023-08-17;61;F;da Mota Alegre;Premium;PayPal;16;39;195;10;5;1
878;2023-07-24;53;M;Fernandes;Standard;Boleto;29;9;77;7;6;4
879;2022-05-24;43;M;Borges;Básico;Boleto;17;27;187;8;2;5
880;2023-10-20;35;M;Fernandes;Básico;Boleto;6;18;159;6;8;4
881;2023-06-16;32;M;Siqueira;Básico;Boleto;11;7;131;7;2;3
882;2023-06-21;48;M;Freitas de Minas;Standard;Cartão de Crédito;36;7;144;5;6;0
883;2021-07-29;22;F;Sales;Básico;Boleto;20;0;176;6;6;1
884;2024-06-27;32;M;da Mata de Cunha;Básico;PayPal;35;23;97;0;3;5
885;2023-11-07;46;F;Moraes;Standard;PayPal;28;4;59;10;0;4
886;2024-06-15;47;F;Alves;Básico;PayPal;3;10;139;6;7;1
887;2022-07-28;27;F;Vasconcelos;Premium;PayPal;4;31;68;0;9;3
888;2021-11-12;34;F;Machado;Premium;Boleto;14;10;41;9;9;5
889;2021-12-01;55;F;Fogaça;Básico;PayPal;22;17;198;3;4;2
890;2024-07-04;55;M;Marques;Standard;Boleto;31;29;185;1;8;4
891;2023-05-24;67;M;Costa;Premium;PayPal;1;7;187;8;10;2
892;2023-03-14;27;F;Câmara;Standard;Boleto;17;3;33;2;5;3
893;2023-01-22;29;M;Mendonça das Flores;Premium;PayPal;27;8;107;9;10;1
894;2023-02-14;25;F;Guerra;Premium;Boleto;20;6;98;1;3;0
895;2024-05-16;56;M;Moraes;Premium;Cartão de Crédito;28;17;4;0;9;1
896;2022-02-05;67;F;Rios;Premium;Boleto;2;29;174;7;0;1
897;2023-04-06;44;M;Castro de Gomes;Básico;Boleto;11;49;43;1;0;4
898;2023-05-27;19;M;Moreira;Standard;Cartão de Crédito;28;7;111;0;10;3
899;2021-11-21;52;F;Siqueira;Standard;Boleto;10;40;54;3;7;2
900;2022-08-26;52;M;Sousa;Básico;Boleto;30;7;199;1;5;4
901;2024-03-04;66;F;Caldeira dos Dourados;Premium;Cartão de Crédito;5;5;111;4;5;3
902;2022-11-19;45;M;Oliveira dos Dourados;Premium;Cartão de Crédito;32;27;12;0;10;4
903;2024-03-07;43;M;Silva Verde;Premium;Boleto;7;3;101;8;0;3
904;2023-11-06;48;M;Albuquerque do Sul;Básico;Cartão de Crédito;12;23;174;4;9;0
905;2022-09-14;43;M;Nunes;Básico;Boleto;34;47;182;1;6;5
906;2022-02-01;36;F;Cunha de Azevedo;Premium;PayPal;6;32;179;9;5;3
907;2024-04-08;53;M;Costela;Standard;PayPal;36;7;135;7;2;1
908;2022-04-10;57;F;Pastor de Ferreira;Standard;PayPal;15;44;16;5;2;2
909;2023-10-07;30;F;Aparecida Alegre;Básico;Boleto;18;19;102;4;10;4
910;2021-09-04;20;F;Borges;Standard;Cartão de Crédito;7;28;75;8;8;2
911;2022-03-04;64;F;Guerra;Premium;PayPal;31;34;147;6;0;3
912;2024-04-01;53;M;Casa Grande do Sul;Básico;Cartão de Crédito;6;37;131;1;5;2
913;2024-06-18;52;M;Costela;Básico;Boleto;15;26;107;1;1;2
914;2023-01-09;26;M;Monteiro;Standard;Boleto;33;11;66;7;1;0
915;2021-12-19;35;F;Silveira;Básico;Cartão de Crédito;13;32;89;6;5;2
916;2021-09-20;49;M;Lima de Nascimento;Premium;Boleto;27;42;162;5;6;4
917;2024-06-17;30;M;Vieira;Standard;PayPal;5;33;10;6;2;1
918;2023-12-26;51;M;Duarte de Vieira;Premium;Boleto;8;31;140;9;5;5
919;2024-01-07;47;F;Vargas;Standard;Boleto;29;45;87;7;8;1
920;2023-04-14;43;F;Nascimento;Standard;PayPal;33;17;87;10;10;1
921;2024-04-20;48;M;da Costa;Básico;Boleto;24;39;42;9;4;1
922;2024-02-18;66;M;Macedo da Prata;Standard;PayPal;23;40;200;7;9;1
923;2022-12-12;34;M;Borges de Cavalcante;Standard;PayPal;12;18;146;9;5;3
924;2024-02-20;46;M;Pacheco de Castro;Básico;Boleto;35;48;126;9;9;1
925;2022-05-17;43;F;da Rocha do Amparo;Standard;Cartão de Crédito;35;20;41;4;8;4
926;2023-01-22;66;F;Marques Verde;Standard;PayPal;25;7;81;10;2;3
927;2023-01-07;65;M;Marques;Básico;Cartão de Crédito;22;37;28;5;0;5
928;2022-03-02;43;M;da Mota do Galho;Básico;PayPal;1;1;17;1;4;0
929;2022-09-02;61;M;Cardoso;Básico;Cartão de Crédito;26;32;29;0;5;1
930;2021-10-03;70;M;Melo da Mata;Standard;PayPal;28;35;76;6;8;0
931;2023-09-06;26;F;Novaes da Praia;Premium;PayPal;9;33;36;2;8;3
932;2023-02-10;26;M;Cunha de Costela;Básico;PayPal;18;40;42;10;5;2
933;2022-03-23;54;F;Ferreira;Standard;Cartão de Crédito;24;3;89;0;3;3
934;2024-01-17;70;F;Ramos das Flores;Básico;PayPal;20;18;148;2;10;4
935;2023-05-05;67;F;Albuquerque;Standard;Boleto;5;13;123;5;1;0
936;2024-06-19;62;F;Freitas das Pedras;Premium;Cartão de Crédito;19;17;110;9;8;3
937;2022-04-25;64;F;Lima de Minas;Premium;PayPal;26;23;99;10;10;0
938;2021-12-07;23;F;Cardoso Paulista;Standard;Boleto;35;29;38;10;6;4
939;2023-03-14;43;F;Sá da Prata;Premium;PayPal;29;34;66;0;1;0
940;2023-11-24;54;F;Nogueira;Premium;PayPal;24;37;7;8;1;2
941;2023-07-31;53;M;Moraes de da Costa;Standard;PayPal;24;19;57;8;7;3
942;2022-10-31;53;M;Ribeiro do Amparo;Básico;PayPal;6;13;195;4;10;2
943;2024-02-06;33;M;da Cunha;Standard;Cartão de Crédito;23;20;14;5;3;1
944;2023-02-21;52;M;Cirino do Amparo;Premium;PayPal;30;8;19;2;2;0
945;2023-07-24;64;M;Freitas;Standard;PayPal;17;31;40;9;4;5
946;2024-01-29;42;M;Garcia de Minas;Básico;Boleto;21;33;112;6;0;5
947;2023-02-20;22;F;Carvalho;Básico;Cartão de Crédito;13;12;178;7;4;4
948;2022-05-15;51;F;da Paz de Silva;Premium;Cartão de Crédito;10;30;114;5;4;1
949;2024-01-10;23;M;Santos;Premium;Cartão de Crédito;16;10;173;4;2;2
950;2023-06-23;26;F;Mendes do Oeste;Standard;Boleto;15;10;153;2;10;1
951;2023-11-23;57;M;Ribeiro;Standard;Boleto;29;39;191;2;1;0
952;2024-05-03;45;F;Rios das Pedras;Standard;PayPal;27;12;166;5;7;1
953;2022-05-14;68;M;da Mata;Básico;Cartão de Crédito;33;45;195;1;0;0
954;2023-06-05;46;M;Santos;Premium;Boleto;18;11;26;0;9;3
955;2023-01-29;41;M;Fogaça Paulista;Premium;Cartão de Crédito;24;1;123;3;4;3
956;2023-09-02;32;F;Cavalcanti Alegre;Premium;Cartão de Crédito;33;45;129;9;2;4
957;2021-12-22;22;M;Carvalho da Serra;Standard;PayPal;12;34;10;1;9;4
958;2021-08-04;22;M;Caldeira da Mata;Standard;Cartão de Crédito;6;44;10;1;0;3
959;2023-07-04;62;M;Silveira;Básico;Cartão de Crédito;24;28;73;4;7;4
960;2021-08-01;63;M;da Conceição Verde;Standard;PayPal;35;3;197;0;9;2
961;2023-05-16;66;F;Cardoso;Básico;Boleto;11;20;85;3;9;1
962;2021-08-22;35;F;Ferreira de Pastor;Premium;PayPal;21;7;91;0;0;4
963;2021-08-11;37;F;Farias de Marques;Standard;PayPal;3;42;72;10;5;3
964;2024-01-03;41;F;Brito da Serra;Standard;Boleto;2;37;9;5;0;4
965;2022-07-30;61;F;das Neves;Premium;PayPal;7;26;124;3;2;2
966;2023-04-01;69;F;Vargas;Standard;PayPal;2;9;64;7;5;5
967;2023-02-06;22;M;Caldeira das Flores;Premium;PayPal;3;5;114;8;0;5
968;2021-10-21;55;F;Barros;Standard;Boleto;32;18;190;5;8;1
969;2022-02-04;39;M;das Neves da Mata;Standard;Cartão de Crédito;16;28;96;0;8;3
970;2021-11-20;61;F;Andrade da Praia;Básico;Boleto;1;28;93;8;10;3
971;2023-10-02;21;F;Cirino da Serra;Standard;Boleto;24;31;75;10;1;5
972;2022-06-04;62;M;Martins;Premium;PayPal;33;2;181;4;3;2
973;2023-12-29;47;F;Rezende do Galho;Básico;Boleto;13;12;47;2;2;4
974;2024-05-25;26;F;Gomes;Premium;PayPal;25;38;97;8;5;4
975;2023-03-08;67;M;Vieira Alegre;Premium;Cartão de Crédito;22;21;70;2;8;1
976;2023-12-03;66;M;Novaes;Standard;PayPal;10;28;104;4;3;0
977;2022-10-22;42;F;Silva;Básico;PayPal;12;49;79;2;8;0
978;2021-11-28;30;F;da Cruz;Básico;Boleto;35;25;93;3;1;2
979;2023-01-21;44;F;Souza de Guerra;Premium;Boleto;35;43;27;7;1;2
980;2022-02-02;63;M;Fernandes;Standard;Boleto;21;48;29;1;10;2
981;2023-09-01;67;M;Mendes;Standard;Cartão de Crédito;7;12;23;9;8;3
982;2022-11-03;67;F;Monteiro;Básico;Cartão de Crédito;24;36;41;4;7;3
983;2021-08-03;46;M;Andrade Paulista;Básico;Boleto;33;19;154;8;5;1
984;2023-02-07;25;M;Viana da Prata;Standard;PayPal;1;21;105;5;4;2
985;2023-05-20;58;M;Ferreira;Básico;PayPal;17;36;26;7;0;0
986;2023-07-17;61;F;Rodrigues;Premium;Cartão de Crédito;3;35;35;1;1;1
987;2022-04-22;33;F;Pimenta;Standard;PayPal;31;23;52;10;8;4
988;2023-03-23;18;M;Vieira;Standard;Cartão de Crédito;32;1;65;0;5;4
989;2023-02-05;59;F;Macedo do Norte;Premium;PayPal;8;31;100;3;8;5
990;2022-12-13;42;F;Fonseca;Standard;Boleto;30;11;106;10;7;5
991;2021-10-28;22;F;Ribeiro da Mata;Standard;PayPal;19;26;72;5;3;2
992;2022-01-27;44;M;Guerra;Básico;Cartão de Crédito;11;42;59;4;10;3
993;2024-03-22;65;M;Carvalho;Básico;PayPal;34;14;113;10;10;5
994;2023-06-07;23;M;Guerra do Amparo;Standard;PayPal;1;17;189;2;5;2
995;2022-11-10;56;M;Costa;Standard;Cartão de Crédito;22;11;182;4;9;4
996;2023-02-25;41;F;Leão da Mata;Premium;Boleto;36;10;192;4;6;4
997;2024-04-27;46;F;Borges;Standard;Boleto;17;35;76;6;4;1
998;2022-10-25;57;F;Novais da Mata;Premium;Boleto;9;37;124;7;10;1
999;2022-04-18;32;M;Ramos Grande;Standard;Cartão de Crédito;17;2;194;0;3;4
1000;2021-09-20;40;F;Sousa;Básico;Boleto;29;46;89;1;5;0
